,Name,Passes Made,Ast,Secondary Ast,Potential Ast,Drives,FGA Drives,Passes Drives,Pass% Drives,Ast Drives,Ast% Drives,Catch/Shoot FGA,Catch/Shoot 3FGA,Pull-up FGA,Pull-up 3FGA,Touches,Front Ct Touches,Time of Poss,Avg Sec/Touch,Avg Drib/Touch,Elbow Touches,Post Ups,Paint Touches,Dist. Feet,Dist. Miles Off,Dist. Miles Def,Avg Speed,Team
0,Aaron Gordon,35.9,3.7,0.4,6.6,6.1,2.7,2.1,34.3,0.6,10.3,3.7,3.1,3.4,1.2,54.5,32.7,2.4,2.62,1.76,2.6,2.9,4.3,13509.5,1.44,1.12,4.28,ORL
1,Aaron Holiday,15.6,1.7,0.3,3.1,3.6,1.4,1.8,50.6,0.5,13.9,1.3,1.3,2.6,1.2,23.0,10.5,1.6,4.1,3.82,0.2,0.0,0.1,5337.2,0.52,0.49,4.35,IND
2,Abdel Nader,5.7,0.3,0.1,0.7,2.2,1.2,0.7,32.3,0.2,8.5,1.6,1.5,0.2,0.1,10.3,6.5,0.4,2.18,1.53,0.1,0.0,0.3,4879.3,0.47,0.45,4.47,OKC
3,Al Horford,42.9,4.2,0.5,7.5,1.6,0.7,0.6,37.6,0.2,11.9,5.1,3.0,0.7,0.0,57.0,37.4,1.7,1.78,0.76,4.1,3.8,5.2,10788.9,1.08,0.96,3.98,BOS
4,Al-Farouq Aminu,25.9,1.3,0.2,2.2,2.7,1.4,0.7,25.2,0.3,11.7,3.4,3.2,0.5,0.2,36.0,16.9,1.1,1.91,0.92,1.1,0.3,2.4,11306.2,1.18,0.96,4.25,POR
5,Alan Williams,9.2,0.6,0.0,1.2,0.0,0.0,0.0,0.0,0.0,0.0,0.8,0.2,0.0,0.0,12.6,6.6,0.3,1.3,0.28,1.6,0.6,2.2,2001.4,0.2,0.18,4.14,BKN
6,Alec Burks,25.2,2.0,0.3,3.4,5.2,2.5,1.8,34.4,0.4,8.4,1.6,1.5,2.4,1.2,35.7,21.4,1.9,3.21,2.56,0.3,0.3,0.8,8500.2,0.87,0.74,4.22,SAC
7,Alex Abrines,10.1,0.6,0.0,1.2,1.2,0.5,0.5,41.7,0.1,11.1,3.9,3.7,0.5,0.4,16.5,12.4,0.5,1.89,1.12,0.3,0.0,0.1,7906.8,0.78,0.72,4.38,OKC
8,Alex Caruso,29.0,3.1,0.4,5.2,5.9,2.8,1.9,32.0,0.7,11.6,1.2,1.1,2.0,0.8,40.7,16.1,2.6,3.85,3.23,0.7,0.0,1.3,8538.5,0.86,0.76,4.23,LAL
9,Alex Len,25.8,1.1,0.1,2.1,0.5,0.3,0.1,18.4,0.0,0.0,2.8,2.6,0.1,0.1,36.9,24.1,0.8,1.37,0.37,2.4,1.2,6.5,8008.2,0.81,0.71,4.23,ATL
10,Alex Poythress,21.4,0.8,0.0,1.4,0.8,0.4,0.2,25.0,0.0,0.0,1.1,1.0,0.0,0.0,27.0,15.7,0.6,1.32,0.4,1.3,0.1,2.7,6206.9,0.63,0.55,4.51,ATL
11,Alfonzo McKinnie,13.0,0.4,0.1,0.7,0.5,0.3,0.1,22.9,0.0,8.6,1.7,1.6,0.3,0.0,17.9,10.4,0.5,1.62,0.64,0.3,0.1,1.8,6061.9,0.61,0.54,4.68,GSW
12,Alize Johnson,4.5,0.1,0.1,0.1,0.4,0.4,0.0,0.0,0.0,0.0,0.2,0.1,0.2,0.0,6.1,2.4,0.2,2.29,1.07,0.0,0.1,0.6,2010.3,0.2,0.18,4.41,IND
13,Allen Crabbe,21.2,1.1,0.2,2.0,2.1,1.0,0.8,38.5,0.1,6.6,5.5,5.3,1.8,0.7,31.8,25.6,0.7,1.41,0.55,0.4,0.0,0.6,10576.0,1.1,0.9,4.24,BKN
14,Allonzo Trier,21.2,1.8,0.2,3.7,7.0,2.8,2.4,34.4,0.6,8.2,1.0,1.0,3.4,1.0,34.5,22.5,2.4,4.16,3.48,0.3,0.1,0.4,9013.2,0.95,0.76,4.17,NYK
15,Amile Jefferson,5.6,0.3,0.0,0.5,0.3,0.3,0.1,25.0,0.0,0.0,0.0,-,0.0,-,7.3,4.0,0.2,1.66,0.62,0.7,0.3,1.7,2400.8,0.24,0.21,4.47,ORL
16,Amir Johnson,16.1,1.2,0.0,1.6,0.5,0.2,0.1,29.2,0.0,0.0,0.8,0.8,0.0,0.0,20.7,12.5,0.5,1.34,0.41,2.0,0.3,2.4,4055.6,0.4,0.36,4.16,PHI
17,Andre Drummond,35.3,1.4,0.1,2.5,1.2,0.7,0.1,11.8,0.0,1.1,0.6,0.3,0.6,0.2,53.7,29.6,1.7,1.87,0.9,3.3,3.9,12.8,12292.3,1.23,1.1,3.94,DET
18,Andre Iguodala,31.3,3.2,0.3,5.6,1.0,0.3,0.5,44.3,0.1,14.3,2.0,1.9,0.6,0.2,38.3,20.4,1.6,2.51,1.5,0.9,0.3,1.7,8986.5,0.88,0.82,4.1,GSW
19,Andre Ingram,3.3,0.0,0.3,0.0,0.3,0.3,0.0,0.0,0.0,0.0,1.0,0.8,0.3,0.0,5.5,4.3,0.1,1.53,1.05,0.3,0.0,0.8,1442.8,0.15,0.13,4.14,LAL
20,Andrew Bogut,17.7,1.0,0.3,1.7,0.2,0.2,0.0,0.0,0.0,0.0,0.1,-,0.1,-,21.8,11.7,0.6,1.62,0.59,1.3,0.7,2.8,3772.3,0.38,0.33,3.96,GSW
21,Andrew Harrison,18.0,1.4,0.1,3.1,4.1,0.9,2.5,61.4,0.6,14.3,0.8,0.8,1.3,0.7,23.5,8.3,2.2,5.56,5.37,0.1,0.1,0.3,4165.9,0.43,0.36,4.03,NOP
22,Andrew Wiggins,26.0,2.5,0.4,4.8,7.9,4.1,2.4,29.8,0.6,7.6,3.6,3.4,6.2,1.4,48.0,34.8,2.6,3.23,2.24,0.8,2.3,2.2,13269.2,1.35,1.17,4.04,MIN
23,Anfernee Simons,7.8,0.7,0.1,0.6,1.4,0.9,0.1,7.1,0.1,3.6,0.9,0.9,1.3,0.6,12.4,5.0,1.0,5.08,4.66,0.1,0.0,0.2,2896.8,0.31,0.24,4.35,POR
24,Angel Delgado,6.5,0.0,0.0,0.0,0.5,0.5,0.0,0.0,0.0,0.0,0.0,-,0.0,-,10.5,6.0,0.3,1.46,0.33,1.0,0.0,2.5,2960.0,0.27,0.29,4.13,LAC
25,Ante Zizic,14.9,0.9,0.0,1.3,0.3,0.2,0.1,20.0,0.0,5.0,0.5,-,0.1,-,22.8,14.9,0.7,1.79,0.59,4.1,2.5,6.1,6771.5,0.68,0.61,4.0,CLE
26,Anthony Davis,48.7,3.9,0.4,6.0,3.8,2.4,0.8,19.6,0.3,7.9,3.3,2.2,4.1,0.4,73.7,45.7,2.6,2.11,1.04,3.8,7.0,8.9,12060.3,1.19,1.09,3.9,NOP
27,Anthony Tolliver,17.0,0.7,0.1,1.1,0.6,0.2,0.2,34.1,0.0,4.9,3.3,3.2,0.2,0.1,22.2,12.2,0.5,1.37,0.32,0.4,0.2,0.7,6815.9,0.73,0.56,4.32,MIN
28,Antonio Blakeney,7.6,0.7,0.1,1.4,4.9,2.9,1.4,28.9,0.2,3.6,1.3,1.1,3.5,0.5,16.1,12.1,1.0,3.66,3.24,0.2,0.0,0.3,5912.6,0.59,0.53,4.33,CHI
29,Aron Baynes,17.9,1.1,0.1,1.9,0.0,0.0,0.0,0.0,0.0,0.0,1.6,1.2,0.0,0.0,23.8,15.3,0.5,1.32,0.28,1.4,0.6,3.8,6046.4,0.59,0.56,4.02,BOS
30,Austin Rivers,24.3,2.2,0.3,4.2,5.6,2.7,2.0,36.3,0.5,8.3,2.2,2.2,2.2,1.8,34.2,18.7,2.1,3.73,3.12,0.2,0.1,0.5,10165.3,1.0,0.92,4.05,HOU
31,Avery Bradley,22.7,2.4,0.3,3.9,3.3,1.3,1.5,46.2,0.5,16.2,3.5,3.0,3.7,0.9,35.1,26.0,1.4,2.35,1.97,1.0,0.0,1.4,12312.4,1.2,1.13,4.32,MEM
32,BJ Johnson,3.0,0.0,0.1,0.0,0.3,0.3,0.0,0.0,0.0,0.0,1.1,1.0,0.7,0.0,6.1,4.0,0.2,1.93,1.19,0.3,0.0,0.3,2871.0,0.3,0.24,4.28,SAC
33,Bam Adebayo,25.2,2.2,0.2,4.2,0.8,0.4,0.2,27.3,0.0,1.5,0.6,0.1,0.4,0.0,34.5,22.2,1.2,2.08,0.92,4.3,1.9,5.9,9077.3,0.92,0.8,4.11,MIA
34,Ben McLemore,7.6,0.2,0.1,0.4,0.3,0.2,0.2,50.0,0.1,16.7,1.9,1.7,0.9,0.4,12.1,7.0,0.3,1.62,0.7,0.2,0.0,0.5,3751.1,0.37,0.34,4.74,SAC
35,Ben Simmons,66.5,7.7,0.7,15.5,9.9,4.0,4.2,42.9,1.0,9.7,0.1,0.0,1.2,0.1,87.1,27.1,6.4,4.4,3.39,3.0,4.4,6.0,13377.6,1.4,1.13,4.17,PHI
36,Billy Garrett,17.0,1.8,0.5,3.8,3.8,2.8,0.8,20.0,0.3,6.7,1.3,1.3,3.3,0.5,26.3,12.3,2.1,4.9,4.65,0.0,0.0,0.0,5875.3,0.61,0.5,4.07,NYK
37,Bismack Biyombo,20.5,0.6,0.0,1.2,0.1,0.0,0.0,0.0,0.0,0.0,0.3,-,0.1,-,24.9,12.4,0.6,1.48,0.35,1.7,0.1,4.0,5660.8,0.58,0.49,4.21,CHA
38,Blake Griffin,61.0,5.4,0.7,11.0,8.0,3.7,2.1,25.7,0.5,6.0,2.7,2.5,5.2,4.0,88.5,54.3,4.8,3.26,2.38,2.1,8.4,2.8,12100.4,1.3,0.99,3.71,DET
39,Boban Marjanovic,15.2,0.9,0.0,1.4,0.1,0.1,0.0,0.0,0.0,0.0,0.5,0.2,0.2,0.0,21.8,13.7,0.6,1.61,0.46,2.2,2.1,5.2,4503.1,0.45,0.4,4.08,PHI
40,Bobby Portis,34.6,1.4,0.2,2.8,2.4,1.5,0.5,21.7,0.1,2.5,4.5,3.5,1.3,0.1,50.5,29.7,1.5,1.77,0.84,1.8,3.7,4.3,9960.6,0.99,0.9,4.08,WAS
41,Bogdan Bogdanovic,37.6,3.8,0.6,6.9,8.0,3.6,3.2,40.1,1.0,12.7,3.7,3.2,4.6,2.0,54.5,31.5,3.0,3.3,2.55,0.5,0.8,1.3,11317.7,1.17,0.98,4.31,SAC
42,Bojan Bogdanovic,25.1,2.0,0.4,3.5,6.8,3.6,1.9,27.6,0.4,6.2,3.8,3.6,3.3,1.0,42.9,34.0,1.7,2.33,1.56,1.0,0.9,1.7,12344.9,1.25,1.09,4.13,IND
43,Bonzie Colson,11.3,0.4,0.0,0.8,0.4,0.1,0.3,66.7,0.0,0.0,2.1,2.1,0.9,0.5,17.1,8.8,0.5,1.62,0.78,0.3,0.4,1.6,5042.4,0.53,0.43,4.46,MIL
44,Brad Wanamaker,15.3,1.6,0.2,2.9,1.7,0.8,0.8,44.3,0.2,9.8,0.7,0.7,1.1,0.4,19.9,8.5,1.4,4.25,3.9,0.0,0.0,0.1,3846.0,0.38,0.35,4.27,BOS
45,Bradley Beal,47.3,5.5,1.0,10.5,12.7,5.6,4.9,38.2,1.1,8.9,4.5,4.1,7.5,2.9,74.4,41.7,4.3,3.44,2.93,1.1,0.3,1.9,14516.8,1.46,1.29,4.19,WAS
46,Brandon Goodwin,5.1,0.9,0.1,1.1,1.3,0.8,0.2,15.0,0.0,0.0,0.3,0.3,0.5,0.1,7.4,2.4,0.7,5.47,4.96,0.0,0.0,0.0,1477.1,0.15,0.13,4.38,DEN
47,Brandon Ingram,39.0,3.0,0.6,6.4,10.1,5.4,2.6,25.3,0.7,6.5,2.4,1.7,4.7,0.1,60.1,32.0,3.8,3.82,2.82,1.7,1.8,2.5,13732.2,1.39,1.21,4.31,LAL
48,Brandon Knight,23.1,1.8,0.2,3.5,4.3,2.0,1.7,39.8,0.4,10.2,1.7,1.6,3.0,1.5,32.1,13.7,2.3,4.26,4.23,0.2,0.0,0.3,7153.9,0.74,0.62,4.23,CLE
49,Brandon Sampson,7.5,0.7,0.1,1.0,2.4,1.3,0.6,23.5,0.1,5.9,1.7,1.7,0.7,0.4,13.1,10.3,0.5,2.21,1.69,0.1,0.0,0.4,6074.2,0.58,0.57,4.26,CHI
50,Brook Lopez,24.5,1.2,0.1,1.9,2.1,1.2,0.4,17.5,0.1,5.8,5.7,5.5,1.4,0.7,36.6,24.0,0.9,1.49,0.5,1.2,1.2,1.7,10537.6,1.07,0.93,3.93,MIL
51,Bruce Brown,17.7,1.2,0.3,2.8,2.9,1.4,1.1,37.5,0.2,7.9,1.1,1.1,0.3,0.1,23.4,16.2,1.0,2.48,1.64,0.4,0.0,1.5,8082.4,0.82,0.71,4.46,DET
52,Bruno Caboclo,23.6,1.5,0.1,2.2,2.6,1.1,0.9,35.6,0.1,2.2,3.3,3.2,0.6,0.5,32.6,19.0,0.9,1.71,0.64,1.2,0.4,2.1,9764.0,1.01,0.84,4.41,MEM
53,Bryn Forbes,25.7,2.1,0.3,3.2,3.8,2.1,1.3,33.8,0.4,9.6,3.6,3.5,3.9,1.5,37.6,20.1,2.3,3.59,3.0,0.1,0.0,0.1,11208.7,1.18,0.94,4.3,SAS
54,Buddy Hield,35.0,2.5,0.5,4.6,4.6,2.4,1.5,33.5,0.3,6.9,5.4,4.9,6.8,3.0,55.9,35.3,2.3,2.43,1.75,0.8,0.1,1.8,14090.4,1.41,1.26,4.71,SAC
55,C.J. Williams,7.3,0.8,0.1,1.5,1.3,0.6,0.5,36.8,0.1,10.5,0.7,0.7,0.8,0.3,10.3,6.3,0.5,2.69,2.04,0.2,0.0,0.1,3511.5,0.36,0.31,4.33,MIN
56,CJ McCollum,30.8,3.0,0.7,6.2,9.4,5.4,2.9,30.5,0.6,6.4,3.6,3.2,8.9,3.1,53.4,30.8,3.4,3.81,3.42,0.7,0.1,0.9,14106.9,1.52,1.15,4.42,POR
57,CJ Miles,12.1,0.7,0.1,1.2,1.6,0.9,0.4,23.8,0.1,8.3,3.3,3.2,1.4,0.6,19.4,13.4,0.5,1.67,0.9,0.2,0.1,0.3,6236.9,0.65,0.53,4.07,MEM
58,Caleb Swanigan,10.8,0.5,0.0,1.0,0.1,0.1,0.0,0.0,0.0,0.0,0.5,0.3,0.3,0.0,14.5,8.0,0.4,1.83,0.56,1.1,1.2,1.9,3411.2,0.35,0.29,4.24,SAC
59,Cameron Payne,28.0,2.7,0.2,4.8,4.9,2.3,1.9,37.9,0.6,12.3,1.5,1.4,1.9,0.7,36.3,15.4,2.5,4.07,3.28,0.1,0.0,0.4,7203.9,0.74,0.63,4.29,CLE
60,Cameron Reynolds,10.9,0.7,0.2,1.2,0.8,0.3,0.3,33.3,0.1,13.3,2.6,2.5,0.6,0.2,15.6,10.4,0.4,1.7,0.82,0.4,0.1,0.3,5820.4,0.59,0.51,4.49,MIN
61,Caris LeVert,30.9,3.9,0.6,7.5,12.0,6.0,4.0,33.1,1.0,8.2,1.7,1.7,3.9,2.2,47.5,29.2,3.0,3.81,3.54,0.7,0.0,1.4,10629.6,1.1,0.91,4.23,BKN
62,Carmelo Anthony,19.0,0.5,0.2,1.6,0.8,0.7,0.0,0.0,0.0,0.0,5.3,5.1,4.1,1.2,32.7,21.2,1.1,2.04,0.94,0.4,2.8,1.1,10368.0,1.03,0.94,3.71,HOU
63,Cedi Osman,36.4,2.6,0.3,5.0,6.1,2.9,2.2,35.7,0.4,6.3,3.7,3.5,3.1,1.3,51.5,32.0,2.5,2.9,1.96,1.3,0.7,0.9,12289.2,1.29,1.04,4.13,CLE
64,Chandler Hutchison,19.9,0.8,0.2,1.5,3.1,1.6,1.1,36.5,0.2,6.6,1.1,1.1,0.4,0.0,26.3,13.8,0.9,2.12,1.25,0.7,0.1,1.2,8557.1,0.89,0.73,4.49,CHI
65,Chandler Parsons,23.5,1.7,0.2,3.5,4.9,1.9,2.0,41.0,0.4,7.4,3.2,2.9,1.8,0.7,33.2,24.9,1.4,2.54,1.37,0.4,0.3,0.6,7546.9,0.81,0.62,4.04,MEM
66,Channing Frye,12.7,0.6,0.0,1.6,0.3,0.1,0.1,25.0,0.0,0.0,2.0,1.9,0.6,0.3,16.5,10.8,0.5,1.72,0.48,0.4,0.8,0.2,3286.0,0.34,0.28,3.7,CLE
67,Chasson Randle,22.2,2.0,0.2,3.1,3.7,1.1,2.0,53.4,0.6,15.2,1.5,1.5,1.1,0.8,28.9,10.0,2.2,4.47,4.06,0.1,0.0,0.5,6454.4,0.65,0.57,4.56,WAS
68,Cheick Diallo,18.3,0.5,0.0,1.0,0.1,0.0,0.0,12.5,0.0,0.0,0.8,0.1,0.3,0.0,24.2,10.8,0.5,1.34,0.35,1.6,0.5,3.8,5853.4,0.61,0.5,4.44,NOP
69,Chimezie Metu,6.5,0.4,0.0,0.9,0.5,0.2,0.1,26.7,0.0,0.0,0.3,0.1,0.3,0.0,9.6,5.9,0.3,2.03,0.79,0.3,1.2,1.0,1990.6,0.2,0.17,4.25,SAS
70,Chris Boucher,6.4,0.1,0.0,0.1,0.3,0.2,0.0,14.3,0.0,0.0,1.2,1.2,0.1,0.1,9.7,5.3,0.3,1.58,0.46,0.5,0.1,1.1,2400.8,0.24,0.21,4.27,TOR
71,Chris Chiozza,7.1,0.6,0.1,2.1,2.1,0.4,1.3,60.0,0.1,6.7,0.3,0.3,0.6,0.4,9.1,3.4,0.7,4.74,4.41,0.0,0.0,0.0,1902.7,0.2,0.16,4.28,HOU
72,Chris Paul,50.8,8.2,0.6,15.6,12.1,4.4,6.3,52.2,1.4,11.9,1.1,1.0,8.6,5.0,70.3,24.4,6.6,5.64,5.23,0.7,2.2,0.5,11348.2,1.2,0.95,3.78,HOU
73,Christian Wood,12.5,0.4,0.0,0.9,1.3,0.9,0.1,7.1,0.0,0.0,1.2,1.1,0.5,0.0,20.1,12.1,0.6,1.88,0.73,0.9,1.5,2.9,4770.0,0.49,0.41,4.31,NOP
74,Clint Capela,44.9,1.4,0.2,2.6,0.5,0.2,0.1,22.6,0.0,0.0,0.0,-,0.0,-,59.9,30.2,1.5,1.54,0.37,5.2,0.5,13.2,12761.0,1.3,1.12,4.07,HOU
75,Cody Zeller,39.5,2.1,0.2,3.2,2.4,1.3,0.7,28.4,0.2,8.6,0.6,0.4,0.4,0.1,49.7,24.2,1.3,1.63,0.73,3.6,0.4,5.6,10463.8,1.12,0.86,4.43,CHA
76,Collin Sexton,45.5,3.0,0.5,5.6,10.8,5.0,3.9,35.8,0.8,7.1,1.9,1.7,6.9,1.8,66.4,26.1,5.8,5.26,4.93,0.5,0.1,0.9,12195.2,1.32,0.99,4.14,CLE
77,Corey Brewer,12.0,1.3,0.2,2.2,1.8,0.7,0.8,45.5,0.1,7.3,1.3,1.2,0.5,0.2,17.3,11.7,0.6,2.05,1.19,0.3,0.0,1.4,6445.8,0.64,0.58,4.31,SAC
78,Cory Joseph,41.4,3.9,0.5,6.9,6.5,2.1,3.8,57.9,1.1,17.1,1.8,1.7,3.0,0.4,51.5,19.6,3.9,4.56,4.79,0.3,0.1,0.6,10698.7,1.08,0.94,4.49,IND
79,Courtney Lee,9.2,1.1,0.2,2.4,1.4,0.5,0.8,55.1,0.1,10.2,1.5,1.4,1.4,0.2,14.0,10.2,0.6,2.67,1.96,0.4,0.0,0.3,5065.3,0.51,0.45,4.28,DAL
80,Cristiano Felicio,16.4,0.6,0.1,0.9,0.3,0.2,0.0,0.0,0.0,0.0,0.3,0.1,0.1,0.0,20.9,11.6,0.6,1.71,0.47,2.1,0.4,3.1,4988.0,0.5,0.45,4.26,CHI
81,D'Angelo Russell,52.1,7.0,0.6,12.5,12.0,6.3,4.1,34.0,1.1,9.0,3.4,3.3,9.8,4.5,78.3,31.2,6.4,4.91,4.46,0.4,0.2,0.7,11751.8,1.23,0.99,4.14,BKN
82,D.J. Augustin,46.3,5.3,1.0,10.1,10.2,3.3,5.8,57.0,1.4,13.7,1.8,1.8,3.0,1.9,59.9,17.0,6.2,6.21,6.7,0.3,0.0,0.6,10827.5,1.15,0.9,4.17,ORL
83,D.J. Wilson,21.5,1.1,0.1,2.0,0.9,0.3,0.3,39.0,0.0,4.9,2.6,2.4,0.8,0.2,28.4,15.8,0.7,1.59,0.55,0.8,0.1,2.5,7821.2,0.8,0.68,4.51,MIL
84,DJ Stephens,7.0,0.0,0.0,0.0,0.0,0.0,0.0,0.0,0.0,0.0,0.0,-,0.0,-,11.0,8.0,0.2,1.28,0.0,0.0,0.0,2.0,2877.0,0.29,0.26,4.14,MEM
85,Dairis Bertans,11.6,0.8,0.0,1.1,0.7,0.2,0.3,50.0,0.1,12.5,2.8,2.5,1.1,0.3,16.4,13.3,0.5,1.71,1.11,0.0,0.0,0.0,6137.8,0.65,0.51,4.68,NOP
86,Damian Jones,17.0,1.2,0.2,1.8,0.0,0.0,0.0,0.0,0.0,0.0,0.2,-,0.0,-,21.5,13.5,0.5,1.31,0.25,1.1,0.9,4.0,6835.8,0.66,0.64,4.33,GSW
87,Damian Lillard,53.6,6.9,0.8,12.3,13.3,6.1,5.3,39.6,1.5,10.9,2.9,2.5,9.4,5.3,81.2,29.8,7.7,5.7,5.23,0.5,0.1,1.0,13330.3,1.45,1.08,3.99,POR
88,Damion Lee,11.4,0.4,0.1,1.3,1.1,0.5,0.3,29.4,0.0,2.9,2.0,1.8,1.2,0.3,16.6,10.8,0.6,2.07,1.35,0.1,0.0,0.3,5168.6,0.54,0.44,4.71,GSW
89,Damyean Dotson,24.8,1.8,0.3,4.0,3.9,1.8,1.5,39.8,0.3,8.6,4.2,3.6,3.2,1.0,36.8,26.7,1.5,2.44,1.76,0.6,0.0,0.4,11031.1,1.13,0.96,4.27,NYK
90,Daniel Hamilton,9.6,1.2,0.3,2.1,4.3,1.4,2.3,54.3,0.7,16.0,1.1,1.1,0.4,0.1,14.3,8.6,0.7,2.94,2.4,0.2,0.0,0.5,4736.4,0.44,0.45,4.63,ATL
91,Daniel Theis,16.9,1.0,0.1,1.7,0.3,0.2,0.0,15.8,0.0,0.0,1.6,1.0,0.1,0.0,22.3,14.8,0.5,1.4,0.33,1.5,0.3,3.4,5439.4,0.53,0.5,4.19,BOS
92,Danilo Gallinari,40.4,2.6,0.4,4.9,5.9,2.6,1.7,29.0,0.5,7.7,4.5,4.0,3.7,1.3,59.5,38.0,2.7,2.68,1.35,1.5,3.0,2.4,11632.1,1.24,0.97,4.08,LAC
93,Danny Green,24.8,1.6,0.3,2.7,2.6,0.9,1.3,49.5,0.2,7.4,4.7,4.5,1.6,0.9,34.8,21.7,1.0,1.78,1.02,0.3,0.5,1.0,11703.6,1.16,1.06,4.5,TOR
94,Dante Cunningham,17.2,0.8,0.0,1.4,0.6,0.2,0.2,37.8,0.1,10.8,1.3,1.0,0.0,0.0,20.5,9.9,0.5,1.61,0.37,0.6,0.0,1.2,6305.4,0.67,0.53,4.67,SAS
95,Dante Exum,23.6,2.7,0.2,5.0,7.9,3.3,3.4,43.2,1.3,16.5,1.4,1.4,0.4,0.1,32.8,14.9,2.5,4.51,3.99,0.2,0.0,0.6,6894.6,0.7,0.6,4.61,UTA
96,Danuel House Jr.,17.3,1.0,0.1,1.9,2.6,1.0,1.0,37.6,0.3,10.9,3.4,3.4,1.2,1.1,25.7,14.2,0.8,1.76,0.88,0.2,0.0,0.7,9985.1,0.99,0.9,4.24,HOU
97,Dario Saric,33.7,1.6,0.2,3.1,2.2,0.9,0.8,35.0,0.1,6.8,4.2,3.7,0.8,0.2,45.3,24.9,1.2,1.56,0.51,1.7,1.8,3.4,10132.2,1.03,0.89,4.31,MIN
98,Darius Miller,20.6,2.1,0.2,3.9,2.6,0.6,1.8,66.9,0.5,18.8,4.6,4.3,1.9,0.9,29.4,23.0,1.0,1.94,1.01,0.4,0.0,0.2,9523.8,0.96,0.84,3.96,NOP
99,Darren Collison,50.1,6.0,0.6,11.2,7.5,1.7,4.6,62.0,1.2,16.0,1.8,1.5,4.2,1.0,63.7,23.8,5.4,5.13,4.72,0.4,0.3,0.6,11038.9,1.12,0.97,4.17,IND
100,Daryl Macon,12.9,0.9,0.1,3.0,2.0,0.6,1.0,50.0,0.1,6.3,0.4,0.4,2.5,1.0,17.9,8.1,1.5,4.89,4.24,0.3,0.0,0.1,4401.4,0.46,0.38,4.16,DAL
101,David Nwaba,14.3,1.1,0.0,2.1,2.5,1.5,0.6,23.1,0.2,6.2,1.4,1.4,0.3,0.1,21.3,12.5,0.8,2.29,1.46,0.7,0.3,1.6,7616.0,0.77,0.67,4.28,CLE
102,Davis Bertans,25.3,1.3,0.2,2.2,1.3,0.5,0.7,51.0,0.1,10.2,4.0,3.9,1.1,0.6,32.8,17.7,0.9,1.56,0.49,0.3,0.1,0.6,9054.3,0.99,0.73,4.51,SAS
103,Davon Reed,4.8,0.3,0.0,0.5,0.3,0.1,0.2,66.7,0.1,33.3,0.4,0.4,0.4,0.0,6.3,3.1,0.2,1.89,0.92,0.1,0.0,0.2,2056.3,0.21,0.18,4.51,IND
104,De'Aaron Fox,56.4,7.3,0.5,13.0,12.2,5.8,4.1,33.9,1.3,11.0,1.2,1.1,5.6,1.8,77.9,22.7,5.9,4.53,4.26,0.3,0.1,0.8,13032.8,1.31,1.15,4.41,SAC
105,De'Anthony Melton,37.5,3.2,0.4,6.0,4.9,1.5,2.8,58.4,0.9,18.9,1.6,1.5,1.4,0.4,45.6,15.5,3.1,4.05,3.44,0.3,0.0,0.8,8173.2,0.83,0.72,4.42,PHX
106,DeAndre Jordan,37.8,2.3,0.2,3.5,0.1,0.0,0.0,20.0,0.0,20.0,0.1,-,0.0,-,48.9,29.3,1.2,1.52,0.25,5.4,2.0,9.8,10374.0,1.06,0.91,3.73,NYK
107,DeAndre' Bembry,22.6,2.5,0.4,5.1,7.3,3.1,3.0,41.8,0.6,8.2,2.0,1.9,0.6,0.2,33.7,20.7,1.7,3.09,2.43,0.4,0.0,1.3,9671.2,0.97,0.86,4.32,ATL
108,DeMar DeRozan,35.2,6.2,0.6,10.3,18.7,7.3,8.4,45.1,2.3,12.2,1.5,0.4,8.2,0.2,59.9,31.1,5.1,5.1,4.65,1.2,2.4,1.1,13516.5,1.44,1.12,4.18,SAS
109,DeMarcus Cousins,37.2,3.6,0.3,6.1,3.4,1.8,0.6,18.6,0.3,7.8,3.3,3.0,0.4,0.1,55.4,36.8,2.0,2.21,0.91,2.6,7.2,5.1,8661.0,0.83,0.81,3.65,GSW
110,DeMarre Carroll,23.9,1.3,0.2,2.3,3.6,1.9,1.0,27.2,0.3,7.4,4.3,4.1,1.2,0.5,36.2,21.5,1.3,2.13,1.27,0.4,0.1,1.1,9705.1,1.0,0.83,4.04,BKN
111,DeVaughn Akoon-Purcell,4.6,0.9,0.0,1.3,1.3,0.4,0.6,44.4,0.1,11.1,0.3,0.1,0.4,0.4,6.7,2.4,0.6,5.32,4.98,0.0,0.0,0.0,1266.0,0.14,0.1,4.3,DEN
112,Deandre Ayton,35.0,1.8,0.3,3.0,0.4,0.2,0.1,16.0,0.0,0.0,2.6,0.0,0.6,0.0,51.2,30.6,1.4,1.68,0.41,5.7,5.8,11.1,11408.6,1.16,1.0,3.96,PHX
113,Delon Wright,37.1,3.3,0.5,6.6,8.2,3.2,4.0,49.3,0.9,10.6,1.4,1.4,1.5,0.8,47.9,21.1,3.5,4.33,3.88,0.4,0.1,1.3,9623.6,0.99,0.83,4.5,MEM
114,Demetrius Jackson,9.7,0.8,0.2,2.8,2.3,0.8,1.0,42.9,0.2,7.1,0.8,0.8,0.7,0.2,13.5,7.0,1.0,4.47,4.06,0.2,0.0,0.5,2897.2,0.31,0.24,4.69,PHI
115,Deng Adel,8.1,0.3,0.0,0.7,0.9,0.4,0.3,35.3,0.0,0.0,1.1,1.1,0.4,0.2,10.6,6.4,0.3,1.87,0.94,0.1,0.0,0.1,4061.9,0.42,0.35,4.23,CLE
116,Dennis Schroder,35.7,4.1,0.5,8.4,11.7,5.8,4.0,33.9,1.0,8.4,3.3,3.1,5.4,1.3,55.2,24.2,4.4,4.81,4.13,0.3,0.0,0.5,11705.0,1.13,1.09,4.21,OKC
117,Dennis Smith Jr.,52.5,4.8,0.5,9.2,12.0,4.6,5.6,46.5,1.2,9.6,1.9,1.8,4.6,2.0,71.9,28.3,5.6,4.66,4.27,0.6,0.2,0.9,11345.6,1.18,0.97,4.24,NYK
118,Deonte Burton,5.1,0.3,0.0,0.5,1.6,0.8,0.4,26.0,0.0,2.0,0.8,0.8,0.4,0.1,8.3,4.8,0.3,2.01,1.18,0.2,0.0,0.3,3014.7,0.3,0.27,4.22,OKC
119,Derrick Favors,29.2,1.2,0.1,2.6,0.3,0.2,0.0,9.5,0.0,0.0,1.9,1.0,0.1,0.0,40.3,24.7,0.9,1.29,0.3,3.5,1.1,8.4,9398.7,0.96,0.82,4.34,UTA
120,Derrick Jones Jr.,17.2,0.6,0.1,1.5,1.2,0.6,0.3,27.8,0.1,4.2,1.4,1.4,0.2,0.1,24.7,13.6,0.6,1.48,0.6,0.8,0.1,3.0,7700.1,0.77,0.69,4.24,MIA
121,Derrick Rose,32.2,4.3,0.5,7.7,12.0,6.2,4.1,34.4,1.1,8.9,1.6,1.6,6.3,1.3,52.5,23.6,4.3,4.92,4.55,0.5,0.1,0.9,10801.7,1.1,0.94,4.18,MIN
122,Derrick White,39.1,3.9,0.4,6.3,8.6,3.4,4.0,46.6,1.1,12.5,1.6,1.6,2.6,0.5,51.1,17.5,4.0,4.73,4.49,0.4,0.0,0.7,10442.5,1.1,0.88,4.4,SAS
123,Devin Booker,45.6,6.8,0.7,12.6,13.9,6.0,4.9,35.4,1.6,11.7,3.4,2.7,9.3,3.7,75.7,38.9,6.0,4.76,4.12,1.4,1.3,1.6,13549.9,1.45,1.11,4.11,PHX
124,Devin Harris,18.0,1.8,0.2,3.4,2.9,1.1,1.3,43.7,0.4,14.2,2.3,2.2,1.1,0.7,25.5,17.0,1.1,2.69,2.05,0.7,0.0,0.4,5946.7,0.64,0.49,3.98,DAL
125,Devin Robinson,13.1,0.9,0.1,1.4,2.0,1.3,0.3,14.3,0.1,7.1,0.4,0.3,1.0,0.0,19.1,11.3,0.5,1.71,0.69,0.6,0.3,2.3,5537.6,0.56,0.49,4.34,WAS
126,Devonte' Graham,24.3,2.6,0.3,4.4,3.5,1.0,1.9,53.8,0.5,13.8,1.5,1.5,1.9,1.1,31.3,12.3,2.4,4.64,4.25,0.2,0.0,0.3,5986.1,0.62,0.52,4.32,CHA
127,Dewayne Dedmon,34.9,1.4,0.1,2.4,0.8,0.4,0.3,33.3,0.1,7.4,3.8,3.3,0.3,0.1,45.9,25.9,1.2,1.53,0.44,2.4,0.7,5.3,9900.7,1.02,0.86,4.19,ATL
128,Deyonta Davis,14.2,0.6,0.0,0.8,0.0,0.0,0.0,0.0,0.0,0.0,0.4,0.1,0.0,0.0,17.2,8.9,0.3,1.11,0.08,0.6,0.0,3.4,5514.4,0.54,0.5,4.4,ATL
129,Dillon Brooks,15.2,0.9,0.1,1.8,3.6,2.2,0.8,21.5,0.2,4.6,1.9,1.7,1.6,0.5,24.6,19.8,0.9,2.22,1.12,0.5,0.0,1.1,7283.7,0.73,0.65,4.18,MEM
130,Dion Waiters,31.4,2.8,0.5,5.2,9.3,2.8,5.2,55.4,1.0,10.5,4.8,4.6,2.9,1.9,45.6,25.6,3.0,3.98,3.3,0.3,0.0,0.2,9467.0,1.01,0.78,3.88,MIA
131,Dirk Nowitzki,18.1,0.7,0.2,1.4,0.0,0.0,0.0,100.0,0.0,0.0,5.4,3.8,1.4,0.2,26.5,18.7,0.6,1.29,0.22,0.9,2.0,0.2,5172.0,0.55,0.43,3.54,DAL
132,Domantas Sabonis,50.0,2.9,0.4,5.0,1.6,0.9,0.4,27.7,0.1,7.6,1.9,0.2,0.2,0.0,64.3,37.3,1.8,1.69,0.67,6.2,4.4,7.2,9924.0,1.0,0.88,4.23,IND
133,Donatas Motiejunas,4.0,0.3,0.0,0.3,0.3,0.0,0.0,0.0,0.0,0.0,0.3,-,0.7,-,7.0,4.7,0.2,1.76,0.81,0.7,0.3,1.3,1714.3,0.16,0.16,4.23,SAS
134,Donovan Mitchell,34.6,4.2,0.7,8.5,16.9,9.1,5.1,30.3,1.2,7.0,2.8,2.8,7.6,3.8,61.8,33.4,4.9,4.71,4.29,0.5,0.1,1.3,12884.9,1.36,1.08,4.08,UTA
135,Donte DiVincenzo,17.2,1.1,0.1,2.5,1.1,0.4,0.6,50.0,0.0,3.3,2.6,2.6,0.7,0.5,22.9,13.2,0.9,2.28,1.45,0.5,0.0,1.4,6434.2,0.65,0.57,4.46,MIL
136,Donte Grantham,0.3,0.0,0.0,0.0,0.0,0.0,0.0,0.0,0.0,0.0,0.7,0.7,0.0,0.0,1.0,0.7,0.0,1.36,0.0,0.0,0.0,0.0,307.3,0.03,0.03,4.53,OKC
137,Dorian Finney-Smith,22.0,1.2,0.2,2.4,2.6,0.7,1.3,48.1,0.2,8.0,2.9,2.7,0.7,0.4,30.8,19.6,1.0,1.85,0.86,0.8,0.2,2.6,10064.4,1.02,0.88,4.34,DAL
138,Doug McDermott,13.2,0.9,0.1,1.4,1.4,0.8,0.4,28.6,0.1,7.6,2.9,2.5,0.7,0.2,19.8,16.9,0.4,1.3,0.47,0.5,0.0,0.8,7506.9,0.76,0.66,4.56,IND
139,Dragan Bender,27.0,1.2,0.2,2.2,1.0,0.5,0.3,29.5,0.0,4.5,2.1,2.1,0.2,0.1,33.2,15.6,0.8,1.41,0.39,0.9,0.7,1.8,6999.7,0.73,0.6,4.17,PHX
140,Draymond Green,58.6,6.9,0.6,11.4,1.5,0.7,0.5,33.3,0.1,7.3,2.6,2.3,0.4,0.1,70.0,35.2,2.3,1.96,1.06,2.6,4.2,2.8,10984.8,1.07,1.01,3.82,GSW
141,Drew Eubanks,5.7,0.3,0.0,0.3,0.1,0.0,0.0,0.0,0.0,0.0,0.0,-,0.1,-,7.7,4.6,0.2,1.83,0.64,0.4,1.3,1.3,1977.2,0.21,0.17,4.17,SAS
142,Duncan Robinson,9.5,0.3,0.1,0.6,0.3,0.0,0.2,75.0,0.1,25.0,2.1,2.0,0.5,0.3,13.3,8.9,0.3,1.56,0.61,0.1,0.0,0.2,4516.9,0.47,0.39,4.47,MIA
143,Dusty Hannahs,9.0,2.5,0.0,2.5,4.0,2.5,1.0,25.0,0.0,0.0,2.0,2.0,1.0,0.5,15.5,10.5,0.9,3.41,3.71,0.0,0.0,0.0,5105.5,0.5,0.46,4.05,MEM
144,Dwayne Bacon,13.9,1.1,0.1,2.2,4.6,2.6,1.3,27.3,0.3,6.1,1.2,1.1,2.1,0.9,21.7,15.7,0.9,2.61,1.74,0.2,0.0,0.3,6764.9,0.68,0.6,4.06,CHA
145,Dwight Howard,31.0,0.4,0.1,0.9,1.2,0.7,0.1,9.1,0.0,0.0,0.8,-,0.0,-,43.1,19.1,1.2,1.61,0.57,2.2,3.3,7.3,9339.8,0.95,0.82,3.9,WAS
146,Dwight Powell,26.6,1.5,0.1,2.5,1.4,0.5,0.4,25.5,0.1,8.5,1.8,1.6,0.1,0.0,35.8,21.0,0.9,1.51,0.47,2.4,0.3,6.0,8727.4,0.91,0.75,4.27,DAL
147,Dwyane Wade,35.9,4.2,0.5,8.1,9.3,4.6,3.3,35.3,0.9,9.6,1.3,1.0,6.3,2.5,54.9,27.8,3.8,4.19,3.34,1.7,1.6,2.3,9752.0,1.03,0.82,3.92,MIA
148,Dzanan Musa,5.0,0.2,0.2,0.9,1.1,0.7,0.2,20.0,0.0,0.0,0.8,0.8,0.9,0.3,8.0,4.2,0.4,2.91,2.29,0.2,0.0,0.2,1736.4,0.19,0.14,4.23,BKN
149,E'Twaun Moore,24.8,1.9,0.3,3.0,4.7,2.6,1.5,32.7,0.3,5.6,2.9,2.7,2.6,0.6,37.7,26.0,1.5,2.45,1.87,1.2,0.1,2.1,11471.6,1.15,1.02,4.42,NOP
150,Ed Davis,26.4,0.8,0.1,1.3,0.2,0.1,0.0,21.4,0.0,0.0,0.0,0.0,0.0,0.0,32.1,15.5,0.8,1.51,0.4,2.1,0.1,5.0,7071.8,0.74,0.6,4.19,BKN
151,Edmond Sumner,8.2,0.4,0.1,1.4,1.8,0.6,0.8,42.9,0.2,9.5,1.0,1.0,0.4,0.2,12.2,8.7,0.6,2.83,1.89,0.2,0.0,0.6,3874.0,0.39,0.34,4.42,IND
152,Ekpe Udoh,8.2,0.5,0.1,0.9,0.1,0.1,0.0,0.0,0.0,0.0,0.1,-,0.0,-,10.2,5.9,0.3,1.51,0.44,1.0,0.4,2.1,2500.1,0.26,0.22,4.18,UTA
153,Elfrid Payton,55.4,7.6,0.6,13.0,11.4,4.5,5.3,46.1,1.3,11.1,1.8,1.8,0.9,0.6,71.6,29.2,5.0,4.16,3.65,0.8,0.3,2.1,12117.0,1.24,1.05,4.35,NOP
154,Elie Okobo,36.1,2.4,0.5,4.9,4.4,1.8,2.0,44.6,0.4,9.9,1.5,1.4,2.0,1.0,44.2,15.5,3.4,4.64,4.41,0.1,0.0,0.3,7762.4,0.8,0.67,4.57,PHX
155,Emanuel Terry,8.0,0.7,0.0,0.7,0.0,0.0,0.0,0.0,0.0,0.0,0.0,-,0.0,-,12.0,5.7,0.3,1.5,0.47,1.0,0.3,3.0,3317.7,0.35,0.28,4.53,MIA
156,Emmanuel Mudiay,48.2,3.9,0.7,8.6,11.2,4.8,4.5,40.3,1.1,9.5,2.1,2.0,5.1,1.4,67.3,26.3,5.3,4.71,4.23,0.4,0.2,0.9,11315.8,1.22,0.92,4.45,NYK
157,Enes Kanter,31.4,1.7,0.1,3.3,0.9,0.6,0.1,15.0,0.0,1.7,1.1,0.4,0.1,0.0,45.7,30.8,1.5,2.0,0.65,3.0,6.6,7.2,9351.9,0.95,0.82,4.08,POR
158,Eric Bledsoe,38.1,5.5,0.6,9.5,11.1,4.3,5.0,44.8,1.4,12.2,2.6,2.5,3.3,2.1,56.2,23.5,4.1,4.43,4.03,0.5,0.1,1.8,11627.7,1.17,1.04,4.26,MIL
159,Eric Gordon,21.7,1.9,0.3,3.9,7.4,3.8,2.5,34.3,0.6,8.1,6.6,6.6,2.6,2.1,38.8,24.1,1.7,2.64,2.01,0.3,0.1,0.6,11147.0,1.12,0.99,3.75,HOU
160,Eric Moreland,12.0,0.8,0.0,1.0,0.4,0.2,0.2,50.0,0.0,0.0,0.2,0.2,0.2,0.0,14.6,8.4,0.4,1.71,0.37,1.4,0.6,1.2,3424.2,0.35,0.3,4.13,TOR
161,Ersan Ilyasova,20.9,0.8,0.2,1.3,0.5,0.3,0.1,21.9,0.0,0.0,2.4,2.0,0.7,0.4,28.1,15.9,0.6,1.26,0.35,1.1,0.4,2.8,7293.5,0.73,0.65,4.2,MIL
162,Evan Fournier,26.1,3.7,0.5,6.9,8.9,3.9,3.8,43.1,1.1,11.9,4.0,3.6,4.3,1.7,43.4,35.1,2.2,2.99,2.15,0.9,0.1,1.1,12726.7,1.32,1.09,4.34,ORL
163,Evan Turner,38.7,3.9,0.2,7.2,4.0,2.1,1.3,32.4,0.3,8.2,0.7,0.6,2.5,0.1,48.6,18.6,3.8,4.74,4.04,0.5,1.8,1.2,8367.6,0.87,0.71,4.02,POR
164,Frank Jackson,18.3,1.1,0.2,2.0,3.2,1.9,1.0,29.8,0.2,7.1,2.3,2.2,1.6,0.6,27.7,16.8,1.2,2.5,2.02,0.5,0.0,1.0,8038.2,0.82,0.71,4.46,NOP
165,Frank Kaminsky,25.0,1.3,0.2,2.3,2.9,1.3,0.8,28.9,0.2,6.7,3.0,2.9,0.3,0.1,33.5,21.0,0.8,1.52,0.56,1.2,0.7,1.8,6380.2,0.68,0.53,4.22,CHA
166,Frank Mason,19.1,2.2,0.2,4.2,3.7,1.1,2.0,54.3,0.6,15.0,0.4,0.4,2.3,1.3,26.2,9.5,2.1,4.79,4.61,0.2,0.0,0.5,4510.3,0.46,0.4,4.16,SAC
167,Frank Ntilikina,30.8,2.8,0.2,5.4,4.9,2.1,2.0,41.1,0.5,10.1,2.0,1.9,2.7,0.7,40.2,17.5,2.8,4.17,3.66,0.2,0.1,0.1,8407.1,0.84,0.75,4.23,NYK
168,Fred VanVleet,42.9,4.8,0.7,8.9,8.7,2.5,5.1,58.7,1.2,14.2,3.0,2.9,3.3,1.7,56.1,26.8,4.1,4.41,4.2,0.2,0.0,0.5,11292.9,1.16,0.98,4.36,TOR
169,Furkan Korkmaz,12.3,1.1,0.2,1.6,1.5,0.7,0.6,40.8,0.2,12.7,2.5,2.4,1.3,0.6,19.0,14.9,0.6,1.9,1.16,0.4,0.0,0.6,6077.0,0.63,0.52,4.53,PHI
170,Garrett Temple,26.9,1.4,0.5,3.0,2.0,0.8,0.8,40.5,0.1,7.4,3.0,2.9,1.6,0.6,36.1,25.4,1.5,2.45,1.67,0.6,0.0,0.8,10942.1,1.12,0.96,4.27,LAC
171,Gary Clark,10.0,0.4,0.1,0.9,0.4,0.1,0.2,47.6,0.0,9.5,2.5,2.5,0.2,0.2,13.5,6.5,0.3,1.41,0.42,0.2,0.0,0.4,4795.2,0.47,0.44,4.05,HOU
172,Gary Harris,21.0,2.2,0.5,4.1,7.7,3.8,2.7,34.9,0.5,6.6,3.4,3.0,3.0,1.2,35.9,29.1,1.5,2.57,2.09,0.4,0.0,0.8,11270.4,1.14,0.99,4.18,DEN
173,Gary Payton II,6.7,1.3,0.0,1.7,0.3,0.0,0.3,100.0,0.0,0.0,0.7,0.7,0.0,0.0,10.0,4.0,0.5,2.99,2.17,0.0,0.0,1.3,2532.7,0.23,0.25,4.78,WAS
174,Gary Trent Jr.,4.5,0.3,0.0,0.8,1.0,0.4,0.3,33.3,0.1,13.3,0.7,0.7,1.9,0.7,8.8,6.4,0.5,3.71,2.98,0.1,0.5,0.3,2838.1,0.3,0.24,4.1,POR
175,George Hill,28.3,2.3,0.2,3.9,3.4,1.6,1.4,41.7,0.3,8.3,1.9,1.8,1.9,0.7,37.4,17.6,2.5,3.99,3.35,0.5,0.1,1.2,8724.5,0.89,0.77,4.25,MIL
176,George King,6.0,0.0,0.0,1.0,0.0,0.0,0.0,0.0,0.0,0.0,0.0,-,0.0,-,6.0,3.0,0.2,2.06,0.83,0.0,0.0,0.0,2499.0,0.25,0.23,4.58,PHX
177,Georges Niang,9.7,0.6,0.1,0.9,1.8,0.7,0.7,40.7,0.1,7.4,1.7,1.7,0.3,0.1,13.7,7.2,0.5,1.97,1.17,0.1,0.1,0.2,3665.8,0.38,0.32,4.43,UTA
178,Gerald Green,15.0,0.5,0.1,1.2,1.9,0.9,0.6,33.1,0.2,9.4,4.5,4.4,2.1,1.6,24.4,14.4,0.8,1.95,1.03,0.1,0.0,0.4,7984.1,0.8,0.71,4.21,HOU
179,Giannis Antetokounmpo,54.3,5.9,0.6,11.5,12.5,4.8,4.4,35.2,0.9,7.5,1.0,0.9,4.0,1.8,82.5,41.3,4.6,3.35,2.37,3.5,4.6,6.2,12877.9,1.35,1.09,4.17,MIL
180,Glenn Robinson III,13.5,0.4,0.1,1.2,1.7,0.9,0.5,30.8,0.1,5.1,1.4,1.3,0.6,0.0,18.5,12.3,0.6,1.85,0.91,0.3,0.0,1.0,5705.0,0.6,0.48,4.66,DET
181,Goran Dragic,41.9,4.8,0.7,8.2,11.0,4.3,5.3,48.4,1.5,13.7,2.9,2.8,4.0,1.6,58.9,25.2,4.1,4.17,3.72,1.1,0.1,1.1,11369.0,1.21,0.94,4.35,MIA
182,Gordon Hayward,32.8,3.4,0.3,6.4,5.7,1.9,2.5,45.0,0.6,9.8,2.9,2.4,2.8,0.8,45.5,27.9,2.0,2.65,1.76,1.4,0.3,1.7,10766.6,1.11,0.93,4.42,BOS
183,Gorgui Dieng,18.8,0.9,0.1,1.7,0.6,0.3,0.2,26.7,0.0,6.7,1.8,0.6,1.0,0.1,25.6,14.3,0.8,1.8,0.68,2.0,0.6,2.7,5369.5,0.54,0.47,4.18,MIN
184,Grayson Allen,9.1,0.7,0.1,1.4,4.2,1.4,1.8,43.1,0.3,6.3,2.0,2.0,1.3,0.6,16.0,10.6,0.9,3.48,2.79,0.1,0.0,0.2,4550.1,0.48,0.38,4.38,UTA
185,Greg Monroe,13.1,0.6,0.0,1.2,0.7,0.5,0.1,12.9,0.0,0.0,0.3,0.1,0.0,0.0,19.3,11.9,0.6,1.88,0.63,1.8,1.9,3.4,4296.1,0.44,0.38,4.06,PHI
186,Guerschon Yabusele,6.7,0.4,0.0,0.7,0.3,0.2,0.0,8.3,0.0,0.0,0.8,0.7,0.0,0.0,9.4,6.1,0.3,1.83,0.7,0.6,0.9,0.9,2440.4,0.24,0.22,4.22,BOS
187,Hamidou Diallo,4.5,0.3,0.1,0.5,1.3,0.8,0.2,16.9,0.0,1.5,0.5,0.5,0.2,0.0,9.1,6.3,0.3,2.23,1.73,0.3,0.0,1.4,4365.4,0.42,0.4,4.39,OKC
188,Harrison Barnes,33.7,1.5,0.2,2.8,5.0,3.1,1.0,19.6,0.3,5.5,4.8,4.5,3.2,1.1,50.8,30.8,1.9,2.22,1.13,0.7,3.3,1.8,13371.7,1.38,1.15,4.32,SAC
189,Harry Giles III,14.7,1.5,0.1,2.3,1.1,0.6,0.2,16.4,0.0,1.6,1.0,0.1,0.5,0.0,23.4,15.9,0.8,1.93,0.7,3.8,2.9,4.2,5651.4,0.56,0.51,4.22,SAC
190,Hassan Whiteside,18.6,0.8,0.1,1.6,0.5,0.3,0.1,25.0,0.0,2.8,0.9,0.2,0.3,0.0,31.3,18.9,0.9,1.65,0.54,3.1,2.8,9.4,8535.2,0.86,0.76,3.91,MIA
191,Haywood Highsmith,9.2,0.4,0.0,0.8,1.0,0.4,0.6,60.0,0.0,0.0,0.8,0.8,0.4,0.2,11.8,7.4,0.2,1.23,0.59,0.0,0.0,0.6,3459.0,0.38,0.28,4.59,PHI
192,Henry Ellenson,19.7,0.8,0.0,1.5,2.1,1.1,0.6,28.2,0.1,5.1,1.9,1.7,0.6,0.3,26.2,12.0,0.9,2.05,1.19,0.3,0.8,0.7,6021.0,0.65,0.49,4.71,NYK
193,Ian Clark,18.9,1.6,0.2,2.9,2.7,1.4,0.8,30.6,0.3,11.9,2.6,2.4,2.2,1.0,27.3,17.0,1.3,2.81,2.37,0.5,0.1,0.5,6666.1,0.68,0.59,4.36,NOP
194,Ian Mahinmi,16.9,0.7,0.1,1.2,0.3,0.2,0.1,20.0,0.0,10.0,0.5,0.5,0.0,0.0,21.8,11.4,0.6,1.58,0.6,1.8,0.3,3.7,5862.6,0.58,0.53,4.18,WAS
195,Ike Anigbogu,2.0,0.3,0.0,0.0,0.0,0.0,0.0,0.0,0.0,0.0,0.3,-,0.3,-,3.0,1.3,0.1,1.32,0.22,0.0,0.0,0.3,817.3,0.08,0.07,4.38,IND
196,Iman Shumpert,20.8,1.8,0.3,3.3,1.4,0.6,0.6,39.3,0.2,12.4,3.5,3.3,2.5,1.0,29.9,20.0,1.1,2.19,1.36,0.3,0.2,0.7,9692.3,0.96,0.87,4.32,HOU
197,Isaac Bonga,5.2,0.7,0.0,1.0,1.3,0.5,0.7,53.6,0.1,10.7,0.4,0.2,0.4,0.1,7.6,4.1,0.5,3.59,2.89,0.0,0.1,0.5,2314.1,0.23,0.21,4.42,LAL
198,Isaac Humphries,14.6,0.0,0.0,0.4,0.0,0.0,0.0,0.0,0.0,0.0,2.6,2.2,0.0,0.0,18.8,9.6,0.4,1.12,0.12,0.2,0.0,1.8,5006.6,0.51,0.43,4.65,ATL
199,Isaiah Briscoe,23.0,2.2,0.2,5.1,4.2,1.4,2.2,52.8,0.5,11.0,0.8,0.8,1.2,0.1,29.2,7.7,2.8,5.74,5.46,0.1,0.0,0.2,5829.4,0.6,0.51,4.32,ORL
200,Isaiah Canaan,37.4,2.8,0.3,4.6,3.3,1.5,1.5,44.4,0.3,9.1,2.0,2.0,1.7,1.2,45.5,16.5,3.3,4.29,4.18,0.1,0.1,0.1,8446.0,0.9,0.7,4.31,MIL
201,Isaiah Hartenstein,8.6,0.5,0.0,0.9,0.1,0.0,0.1,50.0,0.0,0.0,0.2,0.2,0.0,0.0,10.9,5.6,0.3,1.51,0.31,1.2,0.1,2.1,3389.8,0.34,0.3,4.47,HOU
202,Isaiah Hicks,12.0,0.7,0.0,0.0,0.7,0.7,0.0,0.0,0.0,0.0,0.0,-,1.0,-,15.7,7.3,0.5,2.06,0.97,0.7,2.0,1.3,4348.0,0.45,0.38,4.37,NYK
203,Isaiah Thomas,18.9,1.9,0.1,3.0,7.3,3.4,2.9,40.2,0.8,11.5,2.5,2.2,2.3,1.4,30.9,13.8,2.4,4.63,4.14,0.5,0.0,0.4,5766.8,0.6,0.49,4.02,DEN
204,Ish Smith,40.9,3.6,0.4,7.5,11.1,3.9,6.2,55.6,1.4,12.9,1.3,1.2,3.6,1.1,53.8,18.6,4.5,5.04,5.02,0.2,0.0,0.5,9436.1,1.05,0.74,4.52,DET
205,Ivan Rabb,19.7,1.1,0.1,1.9,0.4,0.2,0.1,23.8,0.1,14.3,0.9,0.3,0.4,0.0,26.1,15.7,0.8,1.75,0.65,2.5,1.7,3.8,5943.1,0.61,0.52,4.3,MEM
206,Ivica Zubac,25.7,1.1,0.1,1.4,0.1,0.0,0.0,20.0,0.0,0.0,0.3,-,0.1,-,34.6,19.4,0.8,1.46,0.51,2.8,1.7,6.7,6991.7,0.72,0.61,4.24,LAC
207,J.J. Barea,44.3,5.6,0.6,9.7,10.4,4.8,3.9,37.6,1.0,9.6,1.3,1.2,4.9,2.1,59.7,24.1,5.0,4.98,4.91,0.1,0.0,0.3,8013.7,0.88,0.64,4.25,DAL
208,J.P. Macura,9.5,1.0,0.5,2.5,1.5,0.5,1.0,66.7,0.0,0.0,2.0,2.0,0.0,0.0,14.0,10.5,0.5,2.01,1.36,0.0,0.0,0.5,3568.0,0.35,0.32,4.61,CHA
209,JJ Redick,23.8,2.7,0.4,4.5,2.3,1.0,0.9,40.5,0.1,5.8,5.6,4.7,6.1,3.1,40.8,36.2,1.1,1.68,1.0,0.9,0.0,0.8,13165.8,1.39,1.11,4.46,PHI
210,JR Smith,20.4,1.9,0.3,2.9,1.9,0.6,0.9,47.6,0.2,9.5,2.5,2.5,4.1,1.1,29.5,18.7,1.2,2.4,1.66,0.4,0.2,0.5,7695.4,0.81,0.65,4.02,CLE
211,JaKarr Sampson,40.3,1.0,0.3,1.8,9.3,4.5,2.5,27.0,0.0,0.0,3.5,3.5,2.3,0.0,58.0,30.8,2.0,2.02,1.14,1.8,0.8,2.8,12937.3,1.31,1.14,4.31,CHI
212,JaMychal Green,28.5,0.8,0.1,1.5,0.8,0.4,0.2,24.5,0.1,8.2,3.2,2.4,0.5,0.2,38.1,19.9,1.0,1.59,0.44,1.8,1.7,3.8,8529.1,0.87,0.75,4.27,LAC
213,JaVale McGee,21.4,0.7,0.1,1.3,0.6,0.4,0.0,4.4,0.0,0.0,0.5,0.2,0.4,0.0,32.7,17.5,0.7,1.31,0.34,3.5,1.4,8.0,8571.1,0.84,0.78,4.12,LAL
214,Jabari Parker,42.7,2.4,0.3,4.9,6.5,2.7,2.6,40.1,0.5,7.6,2.5,2.1,3.0,0.9,59.7,27.5,2.3,2.29,1.6,1.1,2.7,2.4,11090.0,1.15,0.95,4.32,WAS
215,Jacob Evans,8.2,0.8,0.2,1.0,0.5,0.3,0.2,33.3,0.1,20.0,0.5,0.5,0.8,0.0,10.6,6.1,0.5,2.84,2.04,0.1,0.0,0.2,2884.5,0.3,0.25,4.51,GSW
216,Jae Crowder,38.5,1.7,0.2,3.0,2.1,1.0,0.6,29.9,0.1,6.6,5.5,5.1,1.7,1.3,51.5,25.9,1.4,1.65,0.86,0.4,0.2,1.3,10612.0,1.1,0.91,4.15,UTA
217,Jahlil Okafor,19.4,0.7,0.1,1.4,1.2,0.8,0.1,9.7,0.0,1.4,0.2,0.1,0.5,0.0,27.6,15.0,1.0,2.16,1.08,2.2,3.3,4.2,6350.4,0.65,0.56,4.3,NOP
218,Jake Layman,14.1,0.7,0.1,1.5,1.5,0.8,0.5,30.0,0.1,7.3,2.2,2.1,0.9,0.4,21.8,14.7,0.6,1.77,0.91,0.6,0.3,2.0,7860.7,0.84,0.65,4.48,POR
219,Jakob Poeltl,20.4,1.2,0.0,2.3,0.2,0.1,0.1,41.2,0.0,11.8,0.2,-,0.1,-,25.4,14.1,0.6,1.43,0.29,2.4,1.1,5.1,6790.4,0.69,0.6,4.48,SAS
220,Jalen Brunson,34.5,3.2,0.5,6.2,7.9,3.2,3.6,45.7,1.0,12.3,1.6,1.5,2.7,0.9,45.8,21.1,3.1,4.1,3.59,1.1,0.2,0.7,9121.7,0.95,0.77,4.45,DAL
221,Jalen Jones,11.1,0.4,0.0,0.8,1.8,0.6,0.4,24.1,0.0,0.0,1.7,1.7,0.3,0.0,16.7,8.6,0.6,2.08,1.17,0.1,0.1,0.9,5529.9,0.55,0.5,4.39,CLE
222,Jamal Crawford,27.4,3.6,0.3,6.4,3.0,1.3,1.2,40.2,0.3,9.5,1.4,1.3,4.7,1.8,37.8,15.4,3.0,4.82,4.55,0.1,0.0,0.1,6937.3,0.74,0.57,3.87,PHX
223,Jamal Murray,55.5,4.8,1.1,8.6,10.2,4.9,4.0,39.4,1.1,11.0,2.9,2.7,7.8,2.8,76.9,34.6,5.6,4.37,3.93,1.0,0.3,1.9,13481.2,1.46,1.09,4.4,DEN
224,James Ennis III,12.3,0.7,0.2,1.2,1.3,0.6,0.5,37.3,0.1,9.3,2.4,2.4,0.4,0.3,19.1,12.6,0.5,1.67,0.81,0.5,0.0,1.7,8662.4,0.86,0.78,4.34,PHI
225,James Harden,49.5,7.5,0.9,13.8,19.6,9.3,6.1,31.1,2.2,11.3,0.9,0.9,13.7,12.1,87.2,27.7,9.3,6.37,5.92,0.4,1.1,0.9,12495.2,1.31,1.06,3.63,HOU
226,James Johnson,28.8,2.5,0.2,5.1,4.6,2.2,1.5,33.5,0.3,6.4,2.1,2.0,1.3,0.6,38.3,18.8,1.8,2.9,2.23,1.0,0.5,1.3,8106.6,0.84,0.69,4.06,MIA
227,James Nunnally,4.5,0.5,0.0,0.7,0.4,0.3,0.1,33.3,0.0,0.0,1.4,1.4,0.4,0.3,6.9,5.3,0.2,1.77,1.04,0.0,0.0,0.1,2824.1,0.28,0.26,4.36,HOU
228,Jared Dudley,30.6,1.4,0.2,2.3,2.5,0.7,1.4,55.0,0.4,14.8,2.7,2.5,0.3,0.1,36.5,19.1,0.9,1.47,0.54,0.4,0.2,0.8,8006.2,0.86,0.65,4.09,BKN
229,Jared Terrell,11.6,0.9,0.1,1.9,1.4,0.7,0.4,26.3,0.1,5.3,0.8,0.8,1.2,0.4,15.7,5.9,1.3,4.89,4.48,0.1,0.0,0.0,3104.6,0.33,0.26,4.1,MIN
230,Jarell Martin,11.3,0.4,0.0,0.8,0.3,0.1,0.1,27.3,0.0,0.0,1.5,1.3,0.3,0.1,14.3,6.0,0.4,1.77,0.59,0.3,0.2,0.6,3352.3,0.36,0.28,4.47,ORL
231,Jaren Jackson Jr.,26.4,1.1,0.1,2.2,2.1,1.4,0.3,14.5,0.1,2.4,2.6,2.2,0.6,0.2,40.3,25.3,1.3,1.89,0.62,3.2,4.6,6.7,10297.1,1.05,0.9,4.22,MEM
232,Jaron Blossomgame,19.9,0.5,0.2,1.0,0.5,0.3,0.2,35.7,0.0,7.1,1.5,1.4,0.3,0.0,24.7,10.2,0.6,1.44,0.37,0.7,0.1,2.0,6621.2,0.7,0.56,4.38,CLE
233,Jarred Vanderbilt,4.2,0.2,0.0,0.5,0.2,0.1,0.1,33.3,0.1,33.3,0.1,0.1,0.1,0.0,6.1,3.1,0.2,1.7,0.82,0.5,0.1,1.2,1725.2,0.18,0.15,4.5,DEN
234,Jarrett Allen,32.1,1.4,0.1,2.4,0.3,0.2,0.0,14.3,0.0,0.0,0.6,0.6,0.0,0.0,42.6,26.8,0.9,1.25,0.28,4.1,0.3,8.1,10389.4,1.1,0.87,4.23,BKN
235,Jason Smith,14.9,0.7,0.0,1.3,0.4,0.2,0.1,14.3,0.0,0.0,1.9,1.3,0.0,0.0,18.6,9.1,0.4,1.24,0.25,0.9,0.2,1.5,3984.9,0.41,0.34,4.44,NOP
236,Jawun Evans,14.1,1.3,0.1,2.4,2.6,0.9,1.3,47.6,0.0,0.0,0.1,0.1,1.0,0.3,17.1,6.4,1.3,4.53,4.12,0.3,0.0,0.3,3426.5,0.35,0.3,4.5,OKC
237,Jaylen Adams,22.6,1.9,0.4,4.1,2.7,0.6,1.6,59.3,0.4,15.4,1.4,1.4,1.2,0.8,27.7,8.2,2.2,4.7,4.73,0.2,0.0,0.2,5258.4,0.54,0.46,4.41,ATL
238,Jaylen Brown,17.5,1.4,0.3,2.7,5.1,2.4,1.8,35.5,0.3,6.1,3.4,3.3,2.3,0.4,31.8,21.0,1.2,2.34,1.69,0.6,1.2,2.2,10450.6,1.0,0.98,4.29,BOS
239,Jaylen Morris,5.0,1.0,0.3,1.8,0.8,0.5,0.3,33.3,0.0,0.0,0.8,0.8,0.0,0.0,8.0,4.8,0.3,2.15,1.69,0.5,0.0,0.3,3047.3,0.33,0.25,4.51,MIL
240,Jayson Tatum,28.2,2.1,0.3,4.2,5.6,2.8,1.9,33.6,0.5,9.8,2.7,2.5,5.4,1.4,45.3,28.5,2.0,2.7,1.83,1.1,1.5,2.2,12037.8,1.21,1.07,4.13,BOS
241,Jeff Green,27.2,1.8,0.1,3.1,2.1,1.1,0.5,21.7,0.2,7.5,3.9,3.6,1.6,0.4,39.2,23.3,1.2,1.81,0.71,1.1,1.2,2.1,9804.4,0.96,0.89,3.81,WAS
242,Jeff Teague,53.0,8.2,0.5,13.5,14.1,5.5,6.1,43.3,2.0,13.9,1.0,1.0,3.7,1.5,69.8,22.2,6.3,5.43,5.34,0.4,0.1,0.3,10413.5,1.07,0.9,3.67,MIN
243,Jemerrio Jones,28.7,2.2,0.3,3.3,1.0,0.3,0.5,50.0,0.3,33.3,1.3,1.3,0.8,0.3,35.2,14.8,1.2,2.01,1.39,0.5,0.0,3.5,10527.0,1.08,0.92,4.72,LAL
244,Jerami Grant,37.3,1.0,0.3,1.9,2.8,1.6,0.6,22.3,0.1,5.0,4.0,3.6,0.4,0.0,50.5,21.1,1.1,1.32,0.45,2.1,1.4,3.8,13190.6,1.32,1.18,4.31,OKC
245,Jeremy Lamb,26.2,2.2,0.4,4.4,8.5,4.7,2.3,27.4,0.6,7.2,3.0,2.8,4.0,1.3,42.2,26.7,2.1,3.06,2.34,0.5,0.1,1.4,11591.2,1.21,0.99,4.35,CHA
246,Jeremy Lin,30.9,3.1,0.5,5.7,8.6,2.9,4.0,46.6,1.0,11.5,1.6,1.5,2.5,1.0,43.5,17.0,3.3,4.55,4.3,0.3,0.1,0.4,8183.5,0.84,0.71,4.44,TOR
247,Jerian Grant,24.8,2.6,0.2,5.1,3.5,0.9,2.1,58.9,0.5,13.9,1.3,1.3,1.6,0.5,31.4,9.6,2.9,5.63,5.73,0.2,0.0,0.2,6111.1,0.62,0.54,4.12,ORL
248,Jerome Robinson,7.7,0.6,0.1,1.0,1.3,0.7,0.5,40.5,0.2,16.7,1.6,1.4,0.8,0.3,12.1,7.5,0.5,2.4,1.83,0.1,0.0,0.2,4174.4,0.42,0.37,4.5,LAC
249,Jerryd Bayless,34.2,3.5,0.4,6.4,4.8,1.6,2.4,50.6,0.6,12.2,1.9,1.8,3.1,1.1,44.1,15.8,3.9,5.33,4.74,0.3,0.0,0.2,7210.1,0.76,0.61,3.93,MIN
250,Jevon Carter,22.5,1.8,0.3,3.3,2.7,0.7,1.4,52.8,0.3,11.3,1.6,1.5,2.1,1.0,29.5,13.6,2.0,4.15,3.7,0.2,0.0,0.2,6185.9,0.62,0.55,4.43,MEM
251,Jimmer Fredette,10.0,1.3,0.0,1.7,2.8,1.3,1.0,35.3,0.3,11.8,1.3,1.3,2.0,0.8,16.7,9.5,1.1,4.07,3.25,0.2,0.2,0.3,4523.8,0.47,0.39,4.37,PHX
252,Jimmy Butler,33.8,4.0,0.5,7.8,10.3,4.1,4.5,43.6,1.1,11.0,2.1,1.6,5.0,1.1,53.5,38.1,3.2,3.6,2.51,1.5,1.7,3.8,13557.3,1.38,1.19,4.32,PHI
253,Joakim Noah,31.5,2.1,0.1,3.8,1.6,0.9,0.4,25.8,0.1,6.1,0.3,0.0,0.1,0.0,39.7,22.5,1.3,1.91,0.74,3.7,1.6,5.4,6643.1,0.68,0.58,4.25,MEM
254,Jodie Meeks,8.8,1.0,0.1,1.5,1.8,1.1,0.3,14.3,0.0,0.0,2.4,2.1,1.0,0.1,14.5,11.5,0.4,1.5,1.04,0.8,0.0,0.5,5357.5,0.53,0.49,4.38,TOR
255,Joe Chealey,9.0,1.0,0.0,1.0,4.0,2.0,2.0,50.0,0.0,0.0,0.0,-,1.0,-,13.0,3.0,1.2,5.7,5.62,0.0,0.0,0.0,3141.0,0.35,0.24,4.34,CHA
256,Joe Harris,32.6,2.4,0.3,4.8,7.0,3.1,2.9,41.9,0.7,9.8,4.3,4.2,1.3,0.8,45.9,35.9,1.4,1.83,0.96,0.8,0.0,1.3,12922.1,1.4,1.04,4.55,BKN
257,Joe Ingles,40.9,5.7,0.7,10.4,10.0,3.0,5.4,54.1,1.5,15.0,3.9,3.8,2.5,1.9,55.6,37.1,3.0,3.27,2.43,1.3,0.1,0.5,12478.3,1.3,1.06,4.25,UTA
258,Joel Embiid,58.0,3.6,0.4,6.8,4.8,2.5,0.8,17.4,0.1,2.3,3.8,3.3,4.0,0.7,87.0,55.0,3.0,2.05,0.88,5.7,10.2,7.4,12354.9,1.27,1.07,3.89,PHI
259,John Collins,47.6,2.0,0.2,2.9,2.8,1.6,0.6,20.8,0.2,7.7,2.9,2.5,0.6,0.1,66.0,37.0,1.7,1.52,0.48,2.9,2.5,10.3,12141.2,1.25,1.05,4.3,ATL
260,John Henson,15.0,1.0,0.2,2.5,0.4,0.1,0.1,33.3,0.0,0.0,2.1,2.1,0.1,0.1,21.4,14.3,0.5,1.3,0.38,0.6,0.4,2.9,5432.1,0.55,0.47,4.27,CLE
261,John Holland,2.0,0.0,0.0,0.0,0.0,0.0,0.0,0.0,0.0,0.0,0.0,-,0.0,-,2.0,1.0,0.1,1.72,0.5,0.0,0.0,0.0,130.0,0.02,0.01,0.0,CLE
262,John Jenkins,9.6,0.8,0.2,1.2,1.0,0.3,0.4,40.0,0.1,12.0,1.9,1.8,1.9,0.5,14.7,11.9,0.6,2.26,1.63,0.3,0.0,0.1,5090.8,0.53,0.43,4.23,NYK
263,John Wall,56.1,8.7,0.9,15.7,16.8,6.5,6.3,37.7,1.7,10.0,3.3,3.2,6.2,2.0,82.9,25.7,7.8,5.68,5.12,0.1,0.4,0.4,11824.2,1.17,1.07,3.64,WAS
264,Johnathan Motley,10.3,0.5,0.0,0.8,0.9,0.5,0.2,25.0,0.0,0.0,0.3,0.1,0.1,0.0,15.4,8.3,0.5,1.94,0.87,0.8,1.0,2.5,2918.0,0.29,0.26,4.34,LAC
265,Johnathan Williams,12.0,0.5,0.0,1.3,0.5,0.4,0.0,0.0,0.0,0.0,0.3,0.0,0.0,0.0,18.3,11.5,0.5,1.6,0.6,1.8,0.4,5.1,6265.4,0.62,0.57,4.28,LAL
266,Jon Leuer,10.8,0.3,0.0,0.7,0.3,0.1,0.1,41.7,0.0,0.0,0.9,0.3,0.2,0.0,14.4,7.7,0.4,1.67,0.47,0.9,0.7,2.1,4149.9,0.44,0.34,4.46,DET
267,Jonah Bolden,21.3,0.9,0.1,1.5,0.7,0.2,0.3,50.0,0.1,14.3,2.1,2.0,0.2,0.1,26.3,13.0,0.6,1.31,0.35,0.9,0.1,1.8,6082.2,0.63,0.52,4.45,PHI
268,Jonas Jerebko,23.3,1.3,0.1,2.8,1.0,0.4,0.4,37.1,0.1,8.6,2.8,2.4,0.4,0.2,29.6,17.7,0.7,1.47,0.4,1.4,0.5,1.8,6835.7,0.7,0.6,4.42,GSW
269,Jonas Valanciunas,35.7,1.4,0.3,2.5,1.9,1.0,0.3,16.3,0.0,1.1,1.6,0.9,0.7,0.0,51.0,29.4,1.7,2.0,0.59,4.0,4.8,7.0,8425.5,0.86,0.74,4.02,MEM
270,Jonathan Isaac,35.2,1.1,0.2,2.2,1.8,0.9,0.5,26.4,0.1,3.1,3.6,3.3,1.2,0.2,45.9,22.3,1.1,1.48,0.48,1.3,0.4,2.6,10914.0,1.15,0.92,4.43,ORL
271,Jonathon Simmons,16.4,2.3,0.3,4.6,5.3,2.4,1.8,34.9,0.5,8.8,1.2,1.2,1.9,0.6,25.9,17.8,1.5,3.43,2.65,0.3,0.3,0.9,7793.3,0.79,0.69,4.36,PHI
272,Jordan Bell,18.1,1.1,0.2,2.3,0.7,0.4,0.2,32.7,0.1,8.2,0.4,0.0,0.7,0.0,22.4,13.0,0.6,1.67,0.47,2.0,0.9,2.0,4511.5,0.45,0.4,4.19,GSW
273,Jordan Clarkson,26.6,2.4,0.3,4.6,9.3,5.0,2.9,30.6,0.7,7.5,3.3,2.9,5.4,2.5,45.5,29.7,2.7,3.59,2.79,0.8,0.4,1.4,10901.6,1.15,0.91,4.28,CLE
274,Jordan Loyd,6.8,0.5,0.0,1.2,1.0,0.7,0.2,16.7,0.1,8.3,0.3,0.3,0.6,0.3,9.4,4.4,0.7,4.5,3.5,0.0,0.0,0.2,1982.9,0.22,0.15,4.44,TOR
275,Jordan McRae,11.4,1.1,0.3,2.3,2.5,1.2,0.7,29.9,0.1,6.0,0.7,0.7,2.3,0.6,18.1,10.7,1.1,3.56,2.97,0.1,0.0,0.1,4624.2,0.46,0.42,3.94,WAS
276,Jordan Sibert,1.0,0.0,0.0,0.0,0.0,0.0,0.0,0.0,0.0,0.0,1.0,1.0,0.0,0.0,2.0,2.0,0.0,1.06,0.5,0.0,0.0,0.0,1671.0,0.2,0.12,4.02,ATL
277,Jose Calderon,26.3,2.3,0.2,4.6,2.7,0.4,1.9,69.5,0.2,8.4,0.8,0.8,1.3,0.4,31.2,12.7,2.5,4.73,4.72,0.1,0.0,0.2,5440.5,0.6,0.43,4.42,DET
278,Josh Hart,21.5,1.4,0.3,2.5,1.8,0.7,0.7,39.2,0.1,8.3,3.4,3.3,1.3,0.7,30.6,17.2,1.0,2.02,1.23,0.7,0.0,0.8,10489.5,1.04,0.95,4.33,LAL
279,Josh Jackson,25.2,2.3,0.2,4.0,7.0,4.0,1.5,21.2,0.4,6.0,2.2,2.1,3.1,0.7,40.3,25.3,1.7,2.51,1.74,0.5,0.2,1.4,10017.9,1.01,0.88,4.21,PHX
280,Josh Okogie,14.2,1.2,0.3,2.2,3.0,1.3,1.2,38.2,0.3,10.2,2.6,2.5,1.3,0.4,23.5,17.6,0.8,2.08,1.32,0.4,0.0,1.2,9842.3,0.96,0.9,4.4,MIN
281,Josh Richardson,47.6,4.1,0.6,7.4,10.1,4.0,4.6,45.1,1.2,11.8,5.2,4.6,4.7,1.6,67.5,36.3,4.2,3.77,3.11,0.7,0.2,1.3,14120.4,1.5,1.17,4.3,MIA
282,Jrue Holiday,60.4,7.7,0.6,13.9,16.6,7.7,6.3,38.1,1.7,10.6,2.1,1.9,6.6,3.4,86.3,41.7,5.4,3.76,3.33,1.1,0.5,2.0,14546.4,1.51,1.25,4.32,NOP
283,Juancho Hernangomez,16.9,0.8,0.2,1.3,0.8,0.4,0.2,22.8,0.0,0.0,2.6,2.5,0.1,0.1,22.8,14.3,0.7,1.72,0.59,0.2,0.3,1.6,7999.7,0.79,0.72,4.37,DEN
284,Julian Washburn,12.7,0.8,0.1,1.8,1.3,0.4,0.8,60.9,0.1,4.3,1.4,1.2,1.0,0.2,16.1,9.3,0.6,2.2,1.3,0.2,0.0,0.6,5616.1,0.55,0.51,4.22,MEM
285,Julius Randle,37.2,3.1,0.4,5.8,7.2,3.7,2.0,27.4,0.5,6.3,2.2,2.0,1.8,0.6,59.5,36.1,2.9,2.88,1.8,3.7,5.2,5.5,11509.7,1.16,1.02,4.01,NOP
286,Justin Anderson,7.3,0.5,0.1,1.0,1.3,0.7,0.4,31.7,0.1,4.8,1.4,1.3,0.5,0.3,11.7,7.3,0.4,1.89,1.1,0.3,0.0,0.8,3918.8,0.39,0.35,4.25,ATL
287,Justin Holiday,24.3,1.8,0.4,3.3,2.7,1.0,1.2,46.1,0.3,12.0,4.7,4.4,2.6,1.2,36.6,26.7,1.2,2.02,1.22,0.7,0.0,1.2,12989.8,1.33,1.13,4.37,MEM
288,Justin Jackson,17.8,1.2,0.1,1.9,1.7,1.0,0.4,21.5,0.1,8.9,2.7,2.7,1.4,0.3,25.1,16.5,0.7,1.7,0.74,0.5,0.2,1.0,8198.7,0.85,0.71,4.38,DAL
289,Justin Patton,11.3,1.0,0.0,1.7,0.0,0.0,0.0,0.0,0.0,0.0,1.0,0.7,0.0,0.0,14.7,7.3,0.3,1.07,0.23,1.3,0.0,2.0,2884.0,0.32,0.23,4.45,PHI
290,Justise Winslow,52.2,4.3,0.5,7.5,8.8,4.3,3.1,35.8,1.0,11.1,3.5,3.3,2.3,0.5,69.2,26.8,4.4,3.8,3.18,0.5,0.3,1.7,11713.7,1.22,1.0,4.19,MIA
291,Jusuf Nurkic,42.8,3.2,0.1,5.0,0.7,0.5,0.1,8.0,0.0,2.0,1.5,0.4,0.4,0.0,59.5,34.2,1.7,1.71,0.51,4.8,4.4,7.5,10504.6,1.09,0.9,4.08,POR
292,Kadeem Allen,36.4,4.0,0.2,6.5,10.3,3.8,4.6,45.1,1.5,14.9,1.3,1.2,3.0,0.7,48.5,17.9,3.8,4.65,4.47,0.3,0.0,0.4,8982.1,0.96,0.75,4.35,NYK
293,Kalin Lucas,10.0,1.0,0.0,2.0,2.0,0.0,1.0,50.0,0.0,0.0,0.0,0.0,1.0,1.0,13.0,3.0,1.2,5.6,5.85,0.0,0.0,0.0,2590.0,0.27,0.22,5.04,DET
294,Karl-Anthony Towns,49.1,3.4,0.4,6.2,3.6,2.0,0.7,20.4,0.2,5.7,5.0,4.0,1.3,0.4,73.3,44.8,2.4,1.99,0.66,3.6,12.9,6.5,12486.2,1.25,1.12,4.01,MIN
295,Kawhi Leonard,30.1,3.3,0.7,6.7,13.6,6.1,5.1,37.3,0.9,6.7,2.9,2.5,8.7,2.4,57.2,38.1,4.0,4.24,3.64,1.1,4.0,2.6,13517.6,1.38,1.18,4.23,TOR
296,Keita Bates-Diop,10.5,0.6,0.0,0.9,1.0,0.7,0.2,19.4,0.0,0.0,1.7,1.7,0.8,0.1,16.5,11.3,0.5,1.98,0.99,0.3,0.1,1.4,6754.2,0.67,0.61,4.22,MIN
297,Kelly Olynyk,35.9,1.8,0.2,3.8,2.0,0.8,0.7,35.0,0.2,9.4,3.6,3.3,0.9,0.7,46.4,26.2,1.3,1.67,0.59,1.2,1.2,2.1,9197.3,0.98,0.76,4.26,MIA
298,Kelly Oubre Jr.,22.3,1.2,0.3,2.4,6.0,3.6,0.9,15.5,0.2,3.6,4.0,3.9,2.0,1.0,38.9,25.2,1.5,2.24,1.46,0.6,0.1,1.9,11239.7,1.11,1.02,4.23,PHX
299,Kemba Walker,55.6,5.9,1.0,10.5,15.2,6.9,5.6,37.1,1.6,10.6,3.1,2.8,10.3,6.0,84.5,31.4,7.5,5.35,5.04,0.4,0.0,0.6,13478.5,1.46,1.09,4.13,CHA
300,Kenneth Faried,22.8,0.5,0.2,1.5,0.6,0.4,0.1,8.7,0.0,0.0,0.7,0.6,0.1,0.1,32.7,16.5,0.9,1.62,0.54,2.7,0.4,5.9,7755.6,0.79,0.68,4.19,HOU
301,Kenrich Williams,25.1,1.8,0.3,2.9,2.0,0.7,1.1,55.9,0.3,17.2,2.9,2.8,1.0,0.6,32.9,18.7,1.0,1.81,1.2,0.5,0.1,2.1,9896.0,1.01,0.87,4.5,NOP
302,Kent Bazemore,22.1,2.3,0.2,4.4,6.8,3.0,2.1,31.7,0.4,5.3,3.0,2.9,3.3,1.6,36.8,24.5,1.5,2.49,1.98,0.4,0.0,0.7,10135.5,1.01,0.91,4.36,ATL
303,Kentavious Caldwell-Pope,23.5,1.3,0.2,2.6,1.9,1.0,0.7,36.6,0.2,11.8,4.6,4.1,2.5,1.1,35.0,19.1,1.2,2.0,1.27,0.9,0.0,1.0,10024.5,1.01,0.89,4.28,LAL
304,Kevin Durant,43.6,5.9,0.8,10.7,7.5,3.7,2.1,28.4,0.7,9.4,3.3,2.2,8.8,2.7,69.5,39.9,4.2,3.6,2.61,2.0,6.3,1.6,12582.1,1.28,1.11,3.93,GSW
305,Kevin Huerter,19.1,2.9,0.3,5.3,4.7,2.3,1.9,39.4,0.6,12.1,3.1,3.1,2.5,1.6,30.5,23.3,1.3,2.59,2.08,0.4,0.0,1.1,11336.5,1.14,1.01,4.41,ATL
306,Kevin Knox II,25.6,1.1,0.2,2.2,5.4,3.5,0.7,12.6,0.1,2.8,4.3,4.1,3.3,0.6,41.7,27.1,1.5,2.23,1.18,0.4,0.3,1.1,11337.4,1.14,1.01,4.21,NYK
307,Kevin Love,37.1,2.2,0.2,4.5,1.9,0.7,0.9,45.2,0.2,11.9,5.9,5.2,2.2,1.4,55.4,33.3,1.7,1.9,0.66,1.4,5.6,3.6,10200.0,1.03,0.9,4.01,CLE
308,Kevon Looney,22.2,1.5,0.1,2.8,0.6,0.3,0.2,34.1,0.0,6.8,0.5,0.1,0.2,0.0,28.1,18.0,0.7,1.4,0.45,1.5,1.0,4.9,7434.4,0.73,0.68,4.3,GSW
309,Khem Birch,14.0,0.8,0.0,1.2,0.4,0.2,0.1,25.0,0.0,10.0,0.1,0.0,0.0,0.0,18.4,10.1,0.4,1.42,0.53,1.6,0.4,3.8,5093.0,0.51,0.45,4.19,ORL
310,Khris Middleton,35.4,4.3,0.4,7.0,7.8,3.5,3.0,38.8,0.9,11.5,3.4,3.0,6.5,3.1,55.7,27.0,3.3,3.6,2.91,0.7,2.0,1.1,12402.3,1.25,1.1,4.26,MIL
311,Khyri Thomas,6.0,0.3,0.1,1.1,1.2,0.5,0.4,36.7,0.0,3.3,1.2,1.2,0.8,0.1,9.4,6.6,0.4,2.67,2.25,0.0,0.0,0.2,3236.0,0.35,0.26,4.51,DET
312,Klay Thompson,24.6,2.4,0.4,3.8,4.4,1.8,2.0,46.0,0.6,12.7,8.3,6.1,5.8,1.4,46.3,35.5,1.6,2.04,1.31,1.5,1.3,1.9,13394.7,1.36,1.18,4.28,GSW
313,Kobi Simmons,2.0,0.0,0.0,0.0,0.0,0.0,0.0,0.0,0.0,0.0,0.0,-,0.0,-,2.0,1.0,0.2,6.2,4.0,0.0,0.0,0.0,671.0,0.07,0.05,3.08,CLE
314,Kosta Koufos,15.7,0.9,0.1,1.6,0.4,0.2,0.1,20.0,0.0,0.0,0.4,-,0.4,-,20.5,11.3,0.6,1.65,0.38,2.2,1.2,3.7,4861.4,0.49,0.43,4.32,SAC
315,Kostas Antetokounmpo,5.0,0.0,0.0,0.0,0.5,0.5,0.0,0.0,0.0,0.0,0.0,-,0.0,-,8.0,6.0,0.3,2.61,1.63,0.5,2.5,1.0,2019.0,0.2,0.19,4.22,DAL
316,Kris Dunn,53.3,6.1,0.1,9.7,11.7,5.6,4.8,40.8,1.3,11.0,1.3,1.3,4.5,0.8,69.6,23.5,5.8,4.97,4.55,0.4,0.5,0.5,12048.6,1.24,1.04,4.28,CHI
317,Kyle Anderson,35.0,3.0,0.7,5.4,3.7,1.7,1.7,45.3,0.4,11.2,1.0,0.7,0.8,0.1,44.6,30.2,2.0,2.71,1.48,1.6,0.3,3.0,11668.0,1.19,1.02,4.16,MEM
318,Kyle Korver,13.7,1.2,0.2,1.9,1.0,0.4,0.4,44.1,0.1,5.9,4.2,3.5,2.1,1.2,22.0,16.8,0.6,1.55,0.88,0.3,0.0,0.2,7951.1,0.83,0.68,4.44,UTA
319,Kyle Kuzma,30.0,2.5,0.3,4.3,6.0,3.1,1.7,29.0,0.5,8.3,5.5,5.0,2.4,1.0,50.2,29.6,2.1,2.46,1.68,1.7,2.1,2.5,13741.5,1.4,1.2,4.42,LAL
320,Kyle Lowry,62.5,8.7,1.0,14.0,7.8,2.1,4.5,57.9,1.4,17.4,4.3,4.3,4.3,2.6,80.6,33.8,5.1,3.83,3.2,0.6,0.1,1.4,12649.2,1.32,1.08,3.95,TOR
321,Kyle O'Quinn,14.2,1.2,0.0,1.5,0.2,0.1,0.0,12.5,0.0,12.5,1.6,0.2,0.1,0.0,18.3,10.1,0.5,1.59,0.33,1.3,0.5,1.6,3072.4,0.31,0.27,3.93,IND
322,Kyrie Irving,51.3,6.9,1.0,11.4,11.4,5.9,4.0,35.0,1.0,9.2,3.9,3.3,7.7,3.0,76.8,31.1,5.5,4.27,3.91,1.3,0.7,2.0,12703.1,1.3,1.1,4.11,BOS
323,LaMarcus Aldridge,35.2,2.4,0.3,3.9,0.9,0.6,0.2,18.4,0.0,5.3,3.1,0.4,5.0,0.1,56.2,39.5,1.9,2.02,0.81,3.6,12.4,8.7,12418.2,1.26,1.09,4.05,SAS
324,Lance Stephenson,19.2,2.1,0.2,3.8,4.0,1.5,1.7,43.5,0.4,9.3,2.0,1.9,2.4,1.0,28.1,13.6,1.8,3.9,3.34,0.3,0.1,0.7,6260.8,0.63,0.56,4.01,LAL
325,Lance Thomas,17.8,0.6,0.1,1.0,1.3,0.8,0.2,17.2,0.1,5.2,2.1,1.7,0.7,0.0,23.5,12.2,0.6,1.6,0.54,0.5,0.6,1.0,7135.0,0.73,0.62,4.47,NYK
326,Landry Shamet,16.6,1.5,0.3,2.3,1.7,0.7,0.8,47.4,0.2,12.6,4.1,3.9,1.8,1.0,25.3,19.6,0.8,1.97,1.45,0.2,0.0,0.5,9999.1,1.05,0.84,4.63,LAC
327,Langston Galloway,15.3,1.1,0.3,2.3,2.1,1.0,0.9,41.2,0.2,10.0,4.4,4.4,1.5,0.4,23.9,19.3,0.7,1.82,1.2,0.2,0.0,0.5,9004.8,0.92,0.79,4.4,DET
328,Larry Nance Jr.,37.8,3.2,0.2,5.9,1.8,0.7,0.8,45.9,0.2,13.1,1.6,1.2,0.7,0.2,48.4,27.4,1.9,2.37,1.2,5.9,2.1,6.3,10194.7,1.07,0.86,4.13,CLE
329,Lauri Markkanen,46.0,1.5,0.3,2.7,6.0,3.6,1.3,21.8,0.2,2.9,6.2,5.8,2.7,0.4,66.2,34.7,2.2,2.02,1.05,1.2,2.5,2.9,12721.2,1.36,1.05,4.2,CHI
330,LeBron James,54.8,8.3,0.7,16.2,12.4,5.9,4.0,32.1,1.3,10.8,2.1,1.8,7.4,3.9,85.0,37.4,6.4,4.52,3.32,2.6,2.8,2.8,12497.8,1.28,1.09,3.78,LAL
331,Lonnie Walker IV,7.9,0.5,0.1,1.3,1.5,0.6,0.6,42.3,0.2,11.5,0.5,0.5,1.1,0.2,12.1,5.5,1.0,4.91,3.88,0.0,0.0,0.3,2802.8,0.29,0.24,4.24,SAS
332,Lonzo Ball,50.7,5.4,0.5,9.5,5.0,1.8,2.5,50.9,0.8,16.7,3.3,3.2,2.6,1.6,64.5,27.4,3.4,3.14,2.45,0.9,0.5,2.2,12394.8,1.21,1.14,4.38,LAL
333,Lorenzo Brown,11.9,1.1,0.1,2.4,1.7,0.7,0.6,37.2,0.1,7.0,0.6,0.6,0.9,0.5,15.6,7.5,1.0,4.0,3.4,0.0,0.0,0.3,3487.3,0.35,0.31,4.51,TOR
334,Lou Williams,34.9,5.4,0.5,8.5,12.3,6.4,3.8,30.9,1.2,10.0,1.8,1.6,7.5,2.1,58.1,26.7,4.5,4.64,3.9,0.4,0.0,0.5,10057.0,1.07,0.83,3.97,LAC
335,Luc Mbah a Moute,9.5,0.5,0.0,0.8,3.0,1.3,1.0,33.3,0.5,16.7,1.0,1.0,0.8,0.5,15.8,10.5,0.4,1.68,0.94,1.0,0.0,0.8,6047.3,0.6,0.55,4.23,LAC
336,Luka Doncic,57.6,6.0,0.8,11.7,14.7,5.7,6.4,43.5,1.7,11.8,1.8,1.8,7.8,5.3,83.8,36.2,6.5,4.65,4.02,1.7,1.7,1.9,12307.7,1.33,1.0,4.06,DAL
337,Luke Kennard,21.4,1.8,0.5,3.8,4.2,1.4,2.2,53.6,0.5,11.8,3.1,3.0,3.5,1.2,31.8,24.9,1.4,2.7,1.73,0.3,0.0,0.4,8996.5,0.97,0.73,4.25,DET
338,Luke Kornet,22.4,1.2,0.2,1.6,0.9,0.4,0.3,32.5,0.0,5.0,4.0,3.7,0.9,0.3,30.2,19.2,0.7,1.43,0.45,0.7,0.9,1.5,6623.5,0.7,0.55,4.24,NYK
339,Luol Deng,16.0,0.8,0.1,1.6,1.3,0.6,0.4,31.0,0.0,3.4,2.0,1.8,0.9,0.2,23.0,13.3,0.8,1.96,0.91,0.4,1.2,1.6,7158.4,0.72,0.64,4.23,MIN
340,Malachi Richardson,3.8,0.0,0.0,0.3,0.4,0.1,0.2,44.4,0.0,0.0,0.9,0.9,0.3,0.2,5.7,4.2,0.2,1.91,1.03,0.0,0.0,0.0,1891.3,0.2,0.16,4.18,TOR
341,Malcolm Brogdon,36.6,3.2,0.5,6.2,10.1,5.0,3.7,36.7,0.8,7.4,2.9,2.8,1.9,0.9,52.3,25.6,3.3,3.74,3.35,0.5,0.2,1.5,11441.4,1.16,1.0,4.25,MIL
342,Malcolm Miller,5.5,0.1,0.0,0.2,0.4,0.3,0.1,25.0,0.0,0.0,2.0,2.0,0.2,0.1,8.5,5.5,0.2,1.64,0.62,0.0,0.0,0.2,2942.5,0.3,0.26,4.64,TOR
343,Malik Beasley,14.1,1.2,0.4,2.0,2.5,1.5,0.5,22.1,0.2,7.5,4.2,4.1,2.2,0.9,24.9,19.4,0.8,2.01,1.23,0.3,0.0,0.6,9061.3,0.92,0.79,4.14,DEN
344,Malik Monk,12.3,1.6,0.1,3.0,5.1,1.8,2.2,42.5,0.7,13.1,3.2,3.1,2.6,1.4,23.0,16.1,1.1,2.88,2.56,0.2,0.0,0.4,7048.2,0.74,0.6,4.34,CHA
345,MarShon Brooks,14.0,0.9,0.1,1.5,4.0,2.0,1.4,34.5,0.1,3.4,0.9,0.8,2.4,1.0,21.7,13.6,1.4,3.87,2.97,0.4,0.0,0.8,5200.1,0.54,0.45,4.14,MEM
346,Marc Gasol,58.3,4.4,0.5,7.0,1.5,0.8,0.5,35.0,0.1,5.8,5.3,3.3,1.4,0.1,74.0,49.2,2.0,1.66,0.45,7.8,6.5,5.7,10628.1,1.1,0.91,3.67,TOR
347,Marcin Gortat,29.2,1.4,0.2,2.4,0.1,0.1,0.0,25.0,0.0,0.0,0.6,-,0.1,-,34.9,20.0,0.9,1.49,0.38,3.0,1.2,4.6,6330.1,0.65,0.55,4.27,LAC
348,Marco Belinelli,21.1,1.7,0.6,2.7,2.0,0.9,0.7,36.8,0.2,8.4,4.1,3.3,3.2,1.6,32.0,22.7,1.3,2.42,1.65,0.8,0.1,0.7,9565.8,1.02,0.79,4.48,SAS
349,Marcus Derrickson,4.5,0.1,0.0,0.6,0.0,0.0,0.0,0.0,0.0,0.0,1.6,1.5,0.9,0.4,8.1,6.0,0.3,1.92,0.81,0.5,0.9,0.9,2395.0,0.25,0.2,4.16,GSW
350,Marcus Morris Sr.,29.7,1.5,0.3,2.9,3.1,1.9,0.6,20.7,0.1,4.7,4.5,4.2,3.5,0.9,43.9,25.4,1.5,2.02,1.02,1.1,1.5,1.9,10665.9,1.09,0.93,4.1,BOS
351,Marcus Smart,36.2,4.0,0.5,6.9,3.5,1.1,1.8,52.1,0.6,15.6,3.3,3.2,1.7,1.1,46.6,23.8,2.6,3.39,2.59,0.6,1.0,1.7,10524.1,1.04,0.96,4.09,BOS
352,Mario Hezonja,26.5,1.5,0.3,2.7,4.7,2.5,1.2,25.9,0.2,5.2,1.9,1.8,2.1,0.7,38.4,18.4,2.0,3.05,2.02,0.6,0.2,1.3,8398.1,0.87,0.72,4.31,NYK
353,Markelle Fultz,39.9,3.1,0.3,6.4,7.4,3.5,2.8,38.6,0.5,6.4,0.8,0.6,3.3,0.1,52.7,18.5,4.1,4.68,4.47,0.7,0.2,2.3,9771.8,1.01,0.84,4.64,ORL
354,Markieff Morris,21.2,1.4,0.2,2.3,1.1,0.7,0.3,26.6,0.1,10.9,3.8,3.4,1.1,0.1,31.8,19.7,0.8,1.45,0.51,1.4,2.9,2.6,7977.7,0.78,0.73,3.84,OKC
355,Marquese Chriss,14.6,0.5,0.1,1.2,0.7,0.3,0.1,14.3,0.0,0.0,1.6,1.6,0.1,0.1,20.4,10.5,0.5,1.5,0.52,0.7,0.4,2.7,4623.9,0.48,0.4,4.27,CLE
356,Marvin Bagley III,23.2,1.0,0.1,1.8,1.8,1.1,0.2,12.7,0.1,3.6,1.9,1.2,1.4,0.2,39.3,23.3,1.4,2.07,0.85,3.3,5.5,5.9,10494.3,1.05,0.94,4.39,SAC
357,Marvin Williams,26.9,1.2,0.1,2.0,1.3,1.0,0.2,13.9,0.1,4.0,5.2,4.9,0.8,0.2,37.2,23.4,0.8,1.28,0.48,0.6,1.1,1.7,10774.4,1.09,0.95,4.06,CHA
358,Mason Plumlee,29.2,3.0,0.1,4.9,1.3,0.5,0.5,35.5,0.1,4.7,0.2,0.1,0.4,0.0,38.3,24.4,1.4,2.13,0.96,2.8,3.3,6.2,8265.0,0.84,0.72,4.16,DEN
359,Matthew Dellavedova,30.7,3.8,0.3,7.0,4.8,1.9,2.2,45.0,0.7,14.7,1.8,1.8,1.7,0.9,39.0,14.8,3.2,4.99,4.78,0.1,0.3,0.3,6695.2,0.71,0.56,4.2,CLE
360,Maurice Harkless,20.9,1.2,0.2,2.3,1.5,0.8,0.4,29.9,0.2,12.6,1.9,1.9,0.4,0.1,29.1,17.4,0.9,1.82,0.82,0.7,1.5,2.9,9447.4,0.96,0.83,4.25,POR
361,Maxi Kleber,28.4,1.0,0.1,2.0,1.2,0.5,0.4,34.5,0.1,4.8,3.1,3.0,0.5,0.1,35.7,20.1,0.8,1.36,0.33,0.6,0.6,2.1,8300.0,0.88,0.7,4.14,DAL
362,Melvin Frazier Jr.,2.1,0.1,0.0,0.3,0.8,0.5,0.2,25.0,0.0,0.0,0.5,0.5,0.5,0.1,4.6,4.1,0.2,2.23,1.48,0.3,0.0,0.6,1975.5,0.21,0.16,4.54,ORL
363,Meyers Leonard,20.3,1.2,0.1,1.9,0.4,0.2,0.1,36.4,0.1,18.2,1.9,1.7,0.3,0.1,25.4,15.6,0.7,1.71,0.38,1.1,0.6,2.4,5274.1,0.54,0.45,3.89,POR
364,Michael Beasley,11.5,1.0,0.1,2.0,3.7,2.6,0.7,17.9,0.2,4.2,0.7,0.5,1.1,0.2,19.3,12.0,0.8,2.35,1.4,1.7,1.4,1.6,4279.5,0.43,0.38,4.29,LAL
365,Michael Carter-Williams,22.3,2.5,0.1,5.4,5.9,2.0,2.8,47.9,0.5,9.1,0.9,0.9,0.8,0.4,30.1,8.9,2.5,4.97,4.59,0.2,0.1,0.8,5619.3,0.58,0.49,4.46,ORL
366,Michael Kidd-Gilchrist,18.4,1.0,0.1,2.1,2.1,1.4,0.4,17.6,0.1,2.9,1.2,0.7,0.6,0.1,25.6,14.1,0.7,1.74,0.99,0.9,0.4,2.7,7579.6,0.76,0.68,4.35,CHA
367,Mikal Bridges,28.5,2.1,0.2,3.9,2.6,1.2,1.0,38.0,0.3,12.0,3.4,3.4,0.9,0.4,37.5,23.8,1.1,1.8,0.89,0.6,0.2,1.1,12012.3,1.2,1.08,4.32,PHX
368,Mike Conley,59.4,6.4,0.9,12.4,13.3,6.1,5.2,39.2,1.1,8.5,3.0,2.7,7.5,3.4,83.2,38.2,6.7,4.8,4.37,1.0,0.1,0.8,13604.3,1.47,1.11,4.31,MEM
369,Mike Muscala,30.2,1.2,0.2,2.5,0.4,0.2,0.2,40.0,0.0,4.0,4.3,3.9,0.1,0.0,37.8,19.8,0.8,1.2,0.23,1.3,0.3,1.7,8663.5,0.9,0.74,4.49,LAL
370,Mike Scott,19.4,0.8,0.1,1.2,0.8,0.4,0.2,24.2,0.1,8.1,3.1,2.9,0.7,0.3,25.9,14.0,0.7,1.51,0.68,0.6,0.5,0.9,7201.3,0.73,0.63,4.3,PHI
371,Miles Bridges,18.5,1.2,0.1,2.0,2.6,1.5,0.7,27.3,0.2,5.9,2.1,2.0,0.9,0.5,26.3,16.4,0.8,1.76,0.88,0.4,0.6,1.9,8699.3,0.88,0.76,4.39,CHA
372,Miles Plumlee,13.8,0.9,0.1,1.0,0.4,0.3,0.1,14.3,0.0,0.0,0.1,-,0.0,-,18.0,11.1,0.5,1.63,0.48,1.8,0.2,3.7,4187.1,0.42,0.38,4.57,ATL
373,Milos Teodosic,17.5,2.1,0.1,3.4,2.7,0.4,1.9,68.3,0.5,17.1,1.3,1.3,0.9,0.5,22.6,9.7,1.4,3.71,3.22,0.0,0.0,0.1,4181.7,0.44,0.35,4.4,LAC
374,Mitchell Creek,7.4,1.2,0.2,1.2,1.2,0.6,0.6,50.0,0.0,0.0,0.4,0.4,0.2,0.0,11.0,8.0,0.3,1.81,1.18,1.2,0.2,1.0,3896.0,0.39,0.35,4.28,MIN
375,Mitchell Robinson,17.4,0.6,0.1,0.9,0.0,0.0,0.0,0.0,0.0,0.0,0.0,-,0.0,-,23.6,13.2,0.5,1.35,0.28,1.7,0.4,6.2,8153.1,0.81,0.74,4.18,NYK
376,Mo Bamba,19.4,0.8,0.0,1.2,0.4,0.2,0.0,5.6,0.0,0.0,1.9,1.3,0.3,0.0,26.3,14.1,0.7,1.58,0.46,2.0,1.0,3.4,6501.2,0.67,0.57,4.23,ORL
377,Monte Morris,42.5,3.6,0.4,6.9,5.4,2.8,2.2,41.2,0.6,11.6,2.3,2.1,3.3,0.6,53.5,22.3,3.9,4.4,4.21,0.6,0.1,0.6,9701.6,1.02,0.82,4.29,DEN
378,Montrezl Harrell,32.1,2.0,0.1,2.9,1.5,1.0,0.1,7.3,0.0,1.6,0.3,0.1,0.7,0.1,48.0,32.0,1.6,1.97,0.86,4.3,3.9,8.2,9836.4,0.99,0.88,3.93,LAC
379,Moritz Wagner,10.1,0.6,0.1,0.9,1.5,0.7,0.4,27.0,0.0,3.2,1.7,1.7,0.3,0.1,15.8,9.7,0.4,1.66,0.76,0.4,0.7,1.1,4134.3,0.43,0.35,4.23,LAL
380,Myles Turner,36.8,1.6,0.1,2.3,0.7,0.4,0.1,15.1,0.1,7.5,5.4,2.5,0.8,0.1,50.4,29.4,1.2,1.44,0.46,3.5,2.3,4.3,10939.4,1.12,0.95,4.07,IND
381,Naz Mitrou-Long,7.4,1.1,0.1,2.0,2.6,0.6,1.6,62.2,0.6,21.6,0.3,0.3,0.5,0.5,9.9,4.5,0.7,4.44,4.21,0.1,0.0,0.1,2433.6,0.25,0.21,4.29,UTA
382,Nemanja Bjelica,29.5,1.9,0.2,3.1,3.0,1.3,1.1,35.5,0.4,12.3,3.0,2.9,0.7,0.4,39.7,22.6,1.1,1.66,0.68,0.7,1.0,3.1,9200.1,0.91,0.83,4.24,SAC
383,Nene,14.2,0.6,0.1,1.5,0.5,0.3,0.1,22.7,0.0,0.0,0.7,0.0,0.1,0.0,18.2,9.7,0.5,1.77,0.48,1.9,0.4,2.2,4967.3,0.5,0.45,4.05,HOU
384,Nerlens Noel,16.1,0.6,0.1,1.3,0.3,0.1,0.1,21.1,0.0,0.0,0.6,-,0.2,-,21.2,9.6,0.5,1.48,0.39,2.1,0.1,4.3,5574.3,0.54,0.52,4.24,OKC
385,Nick Young,4.3,0.5,0.0,0.3,0.3,0.3,0.0,0.0,0.0,0.0,1.5,1.5,0.8,0.5,7.0,4.8,0.2,1.54,0.71,0.0,0.0,0.0,3475.8,0.35,0.31,3.93,DEN
386,Nicolas Batum,33.4,3.3,0.3,6.1,3.3,1.4,1.4,43.5,0.3,8.1,3.1,2.9,2.3,1.1,44.1,30.7,1.6,2.24,1.45,0.4,0.2,1.4,12717.2,1.28,1.13,4.33,CHA
387,Nik Stauskas,13.8,1.2,0.2,2.4,2.9,1.0,1.5,50.5,0.4,15.3,1.7,1.6,2.0,1.1,20.5,14.4,0.8,2.37,1.76,0.3,0.0,0.3,6172.1,0.67,0.5,4.41,CLE
388,Nikola Jokic,71.3,7.3,0.5,11.2,3.7,1.7,1.3,34.4,0.4,10.0,3.9,2.9,1.2,0.4,93.5,55.9,3.6,2.33,1.13,7.0,7.7,6.7,11541.5,1.2,0.98,3.95,DEN
389,Nikola Mirotic,34.2,1.2,0.2,2.0,1.2,0.7,0.3,27.3,0.2,14.5,6.1,5.8,2.3,1.0,48.6,25.1,1.4,1.74,0.6,0.5,1.7,2.7,10961.4,1.08,1.0,4.29,MIL
390,Nikola Vucevic,49.3,3.8,0.3,7.0,2.3,1.2,0.7,29.4,0.1,6.1,5.6,2.7,1.1,0.0,70.6,46.7,2.0,1.71,0.66,5.9,9.2,9.7,11473.2,1.17,1.0,3.92,ORL
391,Noah Vonleh,39.5,1.9,0.2,4.0,2.4,1.2,0.6,23.4,0.1,3.2,1.9,1.8,0.4,0.1,49.1,24.1,1.6,1.94,1.1,1.5,2.7,2.7,10057.7,1.04,0.87,4.24,NYK
392,Norman Powell,18.3,1.5,0.2,2.9,5.1,2.2,2.0,40.0,0.4,7.9,2.3,2.2,1.3,0.7,27.3,17.4,1.3,2.86,2.35,0.3,0.0,0.7,7815.4,0.8,0.68,4.38,TOR
393,OG Anunoby,16.9,0.7,0.1,1.3,2.3,1.0,0.9,40.4,0.2,7.7,2.8,2.7,0.5,0.3,24.5,15.1,0.8,1.87,0.98,0.4,0.3,1.3,8365.9,0.83,0.75,4.37,TOR
394,Okaro White,2.7,0.0,0.0,0.3,0.0,0.0,0.0,0.0,0.0,0.0,0.7,0.7,0.0,0.0,3.7,1.7,0.1,2.01,0.91,0.0,0.0,0.3,856.7,0.09,0.07,4.27,WAS
395,Omari Spellman,25.8,1.0,0.1,2.0,0.7,0.2,0.3,45.5,0.1,9.1,3.0,2.8,0.2,0.0,32.9,18.6,0.8,1.37,0.34,1.1,0.2,2.9,7375.8,0.76,0.64,4.46,ATL
396,Omri Casspi,17.0,0.7,0.2,1.2,2.1,1.2,0.6,28.6,0.1,6.5,0.9,0.9,0.3,0.2,23.7,15.1,0.8,1.91,0.86,0.8,0.3,2.0,5731.6,0.59,0.49,4.21,MEM
397,Otto Porter Jr.,28.9,2.2,0.3,4.1,3.0,1.6,1.0,33.1,0.3,9.6,4.2,3.6,4.2,0.9,43.5,24.4,1.6,2.24,1.26,1.0,0.8,2.1,12363.8,1.25,1.09,4.38,CHI
398,P.J. Tucker,28.0,1.2,0.1,2.5,1.3,0.4,0.7,53.3,0.2,12.1,4.6,4.6,0.2,0.1,35.7,18.9,0.8,1.29,0.51,0.7,0.1,1.8,12750.6,1.24,1.17,3.98,HOU
399,PJ Dozier,10.5,0.8,0.3,1.7,1.2,0.5,0.5,42.9,0.2,14.3,1.5,1.3,0.7,0.0,14.3,9.0,0.5,1.99,1.23,0.5,0.0,1.0,3296.0,0.33,0.29,4.05,BOS
400,Pascal Siakam,42.3,3.1,0.5,6.1,7.6,3.7,2.6,33.7,0.5,7.1,2.7,2.5,0.8,0.1,59.1,31.4,2.5,2.55,1.74,1.7,2.3,3.6,13054.4,1.33,1.14,4.36,TOR
401,Pat Connaughton,23.0,2.0,0.1,3.1,2.4,0.8,1.2,51.7,0.3,13.6,3.0,3.0,0.5,0.3,30.4,19.1,1.1,2.11,1.14,0.6,0.0,1.9,8513.8,0.85,0.76,4.35,MIL
402,Patrick Beverley,39.3,3.8,0.3,6.4,5.0,1.8,2.5,50.5,0.6,11.5,2.7,2.7,1.2,0.8,48.8,23.8,2.8,3.42,2.8,0.4,0.0,0.9,11389.3,1.16,1.0,4.4,LAC
403,Patrick McCaw,12.9,1.0,0.2,1.9,1.6,0.6,0.8,46.8,0.2,10.6,0.9,0.9,0.3,0.1,16.2,9.3,0.6,2.14,1.38,0.1,0.0,0.4,5536.0,0.53,0.51,4.25,TOR
404,Patrick Patterson,15.0,0.5,0.1,0.9,0.3,0.1,0.1,56.3,0.0,12.5,2.4,2.1,0.1,0.0,19.2,8.2,0.4,1.21,0.27,0.5,0.4,1.2,5634.0,0.57,0.5,4.33,OKC
405,Patty Mills,31.9,3.0,0.5,5.2,3.7,1.0,2.3,62.0,0.5,12.3,3.3,3.0,3.3,1.9,42.7,16.3,3.0,4.2,4.4,0.4,0.0,0.4,9806.3,1.04,0.82,4.49,SAS
406,Pau Gasol,24.7,1.7,0.0,3.2,0.6,0.4,0.2,27.8,0.0,5.6,1.1,0.4,0.2,0.0,29.7,16.6,0.8,1.62,0.33,2.5,1.5,2.2,4619.6,0.48,0.39,4.11,MIL
407,Paul George,31.1,4.1,0.3,7.8,10.0,4.5,3.3,32.9,0.9,9.5,5.9,5.4,8.3,4.2,59.7,36.2,3.4,3.39,2.64,2.1,1.5,2.1,14221.9,1.4,1.29,4.09,OKC
408,Paul Millsap,27.6,2.0,0.3,3.6,3.1,1.7,0.7,23.1,0.2,5.6,2.3,2.0,1.6,0.3,41.5,26.2,1.6,2.33,1.24,1.4,3.2,4.7,10282.4,1.05,0.9,4.05,DEN
409,Quincy Acy,17.1,0.8,0.2,1.7,0.2,0.0,0.2,100.0,0.0,0.0,1.6,1.5,0.0,0.0,19.7,10.1,0.4,1.27,0.25,0.7,0.1,1.3,4953.0,0.51,0.42,4.22,PHX
410,Quincy Pondexter,6.2,0.5,0.1,0.7,0.9,0.3,0.3,36.7,0.1,8.2,0.3,0.3,0.2,0.1,8.3,5.0,0.5,3.31,2.28,0.1,0.0,0.3,2234.0,0.24,0.19,4.28,SAS
411,Quinn Cook,25.4,1.6,0.2,3.2,2.4,1.1,1.1,44.2,0.2,8.3,1.7,1.6,2.7,1.0,33.1,16.3,2.1,3.77,3.78,0.2,0.0,0.4,5881.5,0.61,0.5,4.45,GSW
412,RJ Hunter,20.0,3.0,1.0,6.0,2.0,1.0,1.0,50.0,0.0,0.0,7.0,7.0,4.0,3.0,34.0,27.0,1.5,2.68,1.65,1.0,0.0,0.0,9363.0,0.93,0.84,3.92,BOS
413,Rajon Rondo,57.0,8.0,0.6,14.8,9.9,4.4,4.3,43.5,1.2,12.5,1.5,1.5,3.0,1.5,71.3,25.5,5.5,4.61,4.02,0.9,0.1,1.1,11228.6,1.14,0.99,4.01,LAL
414,Raul Neto,22.8,2.5,0.5,4.8,7.1,2.1,3.9,55.2,1.1,15.7,1.2,1.1,1.1,0.5,29.6,13.1,2.1,4.18,4.41,0.2,0.0,0.3,5475.0,0.57,0.46,4.53,UTA
415,Rawle Alkins,6.4,1.3,0.0,2.0,3.4,1.2,1.7,50.0,0.5,14.7,0.8,0.8,0.6,0.4,11.7,8.8,0.5,2.4,1.86,0.3,0.0,1.3,4871.1,0.5,0.42,4.29,CHI
416,Ray Spalding,9.7,0.4,0.0,0.4,0.1,0.0,0.0,0.0,0.0,0.0,0.3,0.2,0.0,0.0,14.4,7.3,0.3,1.34,0.56,1.1,0.1,3.0,4405.2,0.44,0.39,4.41,PHX
417,Raymond Felton,13.8,1.6,0.1,3.0,2.0,1.0,0.8,38.5,0.3,13.8,1.4,1.3,1.9,0.5,19.1,8.6,1.4,4.55,3.98,0.1,0.0,0.1,4367.2,0.42,0.41,3.98,OKC
418,Reggie Bullock,27.0,2.0,0.3,2.9,2.1,0.9,0.9,42.5,0.2,11.2,5.8,5.5,1.9,0.8,38.9,29.3,1.1,1.69,0.74,0.6,0.0,0.9,12082.5,1.26,1.02,4.29,LAL
419,Reggie Jackson,50.5,4.2,0.6,7.6,8.8,4.4,3.2,36.8,0.6,6.4,4.0,3.9,4.6,1.7,69.4,26.1,5.4,4.69,4.21,0.4,0.2,0.6,10912.8,1.17,0.89,4.2,DET
420,Richaun Holmes,16.2,0.9,0.1,1.6,0.8,0.7,0.1,6.9,0.0,1.7,0.4,-,0.1,-,23.7,15.2,0.6,1.65,0.46,3.2,0.6,5.3,6468.9,0.65,0.58,4.03,PHX
421,Ricky Rubio,55.7,6.1,1.0,11.1,12.0,3.6,6.4,53.5,1.8,15.0,2.8,2.7,4.3,1.0,72.9,31.9,5.4,4.45,4.1,0.4,0.0,0.5,11221.8,1.19,0.93,4.31,UTA
422,Robert Covington,25.9,1.3,0.3,2.5,2.3,1.2,0.5,23.5,0.1,4.9,5.9,5.5,1.7,0.9,39.9,25.2,1.1,1.73,0.68,0.6,0.1,1.1,13265.7,1.31,1.2,4.1,MIN
423,Robert Williams III,9.1,0.2,0.1,0.7,0.0,0.0,0.0,0.0,0.0,0.0,0.0,-,0.0,-,11.5,6.8,0.3,1.39,0.34,1.0,0.2,2.4,3436.0,0.33,0.32,4.11,BOS
424,Robin Lopez,19.0,1.2,0.1,1.9,0.8,0.5,0.2,19.0,0.0,3.4,0.9,0.4,0.2,0.0,28.5,21.1,1.0,2.0,0.83,3.6,4.0,4.6,8240.8,0.85,0.71,4.09,CHI
425,Rodions Kurucs,17.9,0.8,0.1,1.7,3.2,1.6,0.8,25.4,0.2,6.0,2.8,2.7,0.4,0.2,27.7,15.4,0.8,1.77,1.11,0.1,0.1,1.9,8974.0,0.94,0.76,4.65,BKN
426,Rodney Hood,22.6,1.8,0.1,3.3,4.4,2.5,1.3,30.3,0.3,6.3,2.3,2.0,4.3,1.2,34.5,23.9,1.6,2.87,2.08,0.4,0.6,0.5,10369.7,1.12,0.85,4.2,POR
427,Rodney McGruder,22.7,1.7,0.1,3.4,4.8,2.2,2.0,40.9,0.5,9.7,3.0,2.9,1.0,0.5,31.9,19.8,1.3,2.39,1.79,0.6,0.0,1.4,10130.2,1.06,0.86,4.57,LAC
428,Ron Baker,12.5,1.0,0.0,1.7,0.7,0.1,0.5,70.0,0.2,30.0,0.7,0.7,0.3,0.2,15.1,6.2,0.9,3.59,3.31,0.2,0.0,0.3,4643.7,0.46,0.42,4.79,WAS
429,Rondae Hollis-Jefferson,31.4,1.6,0.1,3.3,4.3,2.3,1.1,26.0,0.2,5.5,1.0,0.7,1.0,0.1,43.4,21.6,1.5,2.03,1.15,2.2,1.7,2.8,8536.9,0.89,0.73,4.32,BKN
430,Royce O'Neale,19.4,1.5,0.2,3.3,2.8,0.9,1.4,48.9,0.3,10.9,1.9,1.9,0.4,0.2,25.5,17.3,0.9,2.11,1.48,0.1,0.0,0.5,8419.7,0.87,0.73,4.37,UTA
431,Rudy Gay,34.4,2.6,0.2,4.2,4.8,2.9,1.1,22.5,0.3,5.5,2.4,2.2,3.7,0.4,49.2,24.8,2.3,2.85,1.71,0.9,2.4,1.6,10352.2,1.06,0.9,4.18,SAS
432,Rudy Gobert,45.6,2.0,0.3,3.2,0.7,0.3,0.2,31.5,0.0,5.6,0.1,-,0.0,-,59.6,32.6,1.5,1.47,0.36,4.8,0.7,12.2,12466.7,1.28,1.09,4.19,UTA
433,Russell Westbrook,60.1,10.8,0.6,20.8,18.4,5.9,9.7,52.8,2.8,15.4,2.4,2.3,8.4,2.9,91.2,27.0,7.7,5.07,4.71,1.1,1.8,1.9,13406.4,1.35,1.19,3.97,OKC
434,Ryan Anderson,21.7,0.8,0.1,1.6,0.8,0.3,0.3,33.3,0.1,9.5,1.5,1.5,0.7,0.1,25.7,14.3,0.6,1.5,0.43,0.4,0.4,0.5,5072.8,0.55,0.41,4.2,MIA
435,Ryan Arcidiacono,34.2,3.3,0.2,5.6,5.2,1.7,2.9,56.4,0.8,14.6,2.0,2.0,1.6,0.7,42.1,17.6,3.1,4.41,4.03,0.2,0.0,0.4,10088.3,1.03,0.88,4.45,CHI
436,Ryan Broekhoff,9.7,0.5,0.1,1.0,0.9,0.2,0.5,62.2,0.2,18.9,2.0,2.0,0.4,0.2,13.6,9.4,0.4,1.66,0.78,0.2,0.0,0.3,4511.2,0.49,0.37,4.39,DAL
437,Salah Mejri,16.5,1.0,0.0,1.4,0.4,0.2,0.0,7.7,0.0,7.7,0.9,0.7,0.1,0.1,21.1,12.1,0.5,1.53,0.34,1.6,0.1,2.4,4315.8,0.44,0.38,4.12,DAL
438,Sam Dekker,16.9,1.0,0.0,1.8,2.0,1.2,0.5,27.8,0.1,4.4,1.2,1.0,0.6,0.3,23.6,13.5,0.7,1.84,1.03,0.5,0.2,1.9,7170.6,0.74,0.62,4.56,WAS
439,Scott Machado,7.0,0.8,0.3,1.5,2.3,0.3,1.5,66.7,0.5,22.2,0.0,0.0,0.5,0.3,9.3,3.8,0.7,4.39,4.24,0.0,0.0,0.3,1987.5,0.21,0.16,4.22,LAL
440,Semi Ojeleye,9.8,0.4,0.1,0.8,0.8,0.3,0.2,27.7,0.0,4.3,1.5,1.4,0.4,0.2,13.7,7.3,0.4,1.74,0.78,0.3,0.1,0.7,4399.8,0.45,0.38,4.38,BOS
441,Serge Ibaka,32.4,1.3,0.4,2.3,1.5,0.9,0.4,23.4,0.1,7.2,5.3,2.2,0.9,0.1,47.1,28.1,1.3,1.63,0.44,3.9,2.0,5.6,10211.6,1.04,0.9,4.0,TOR
442,Seth Curry,16.5,0.9,0.4,2.1,2.2,1.1,0.8,36.1,0.1,4.8,2.3,2.1,2.9,1.3,24.7,16.5,1.5,3.53,2.99,0.1,0.0,0.2,7493.4,0.78,0.64,4.18,POR
443,Shabazz Napier,25.0,2.6,0.3,5.1,5.4,2.2,2.1,37.8,0.6,10.2,1.7,1.6,3.7,2.3,36.6,18.1,2.8,4.55,4.08,0.3,0.0,0.4,6922.9,0.72,0.59,4.17,BKN
444,Shai Gilgeous-Alexander,40.6,3.3,0.4,6.2,10.4,4.0,4.6,44.7,1.2,11.8,1.5,1.4,3.3,0.3,53.8,19.7,3.8,4.24,3.92,0.2,0.2,0.6,11132.4,1.14,0.97,4.48,LAC
445,Shake Milton,11.8,0.9,0.1,1.8,1.6,0.6,0.9,53.1,0.2,9.4,2.1,2.0,0.9,0.2,16.8,10.6,0.8,2.92,2.27,0.2,0.0,0.5,5589.2,0.58,0.48,4.43,PHI
446,Shaquille Harrison,24.7,1.9,0.1,3.3,6.8,2.9,2.9,43.0,0.7,10.7,1.0,1.0,0.7,0.2,33.2,16.0,2.1,3.71,3.27,0.3,0.1,0.7,8562.3,0.85,0.78,4.64,CHI
447,Shaun Livingston,24.3,1.8,0.3,3.6,0.9,0.5,0.3,32.8,0.1,8.6,0.3,0.0,1.4,0.0,29.5,13.5,1.6,3.28,2.63,1.0,1.1,1.8,5988.8,0.61,0.53,4.25,GSW
448,Shelvin Mack,41.6,3.2,0.6,6.7,6.7,2.7,3.2,47.6,0.8,11.3,1.1,1.0,2.9,1.2,52.5,22.3,4.2,4.79,4.59,0.7,0.1,0.7,9239.5,0.99,0.76,4.48,CHA
449,Sindarius Thornwell,3.6,0.3,0.0,0.5,0.5,0.2,0.2,34.3,0.0,2.9,0.2,0.2,0.0,0.0,5.0,3.0,0.2,2.04,1.45,0.1,0.0,0.2,2122.9,0.2,0.2,4.51,LAC
450,Skal Labissiere,8.0,0.5,0.0,0.6,0.3,0.1,0.0,16.7,0.0,16.7,0.4,0.4,0.3,0.2,11.3,5.5,0.4,1.93,0.58,0.4,1.0,1.3,3303.6,0.34,0.29,4.31,POR
451,Solomon Hill,22.2,1.3,0.0,3.0,1.1,0.5,0.4,38.8,0.2,16.3,2.3,2.2,0.4,0.1,27.8,14.9,0.9,2.01,1.17,0.5,0.2,1.6,8029.6,0.81,0.71,4.28,NOP
452,Spencer Dinwiddie,39.7,4.6,0.6,9.3,14.1,5.6,5.6,39.7,1.0,7.1,2.3,2.2,4.3,3.2,58.5,25.4,5.1,5.2,4.65,0.3,0.0,0.3,10896.8,1.18,0.89,4.06,BKN
453,Stanley Johnson,25.2,1.3,0.2,2.8,3.5,1.6,1.2,35.3,0.3,8.2,2.7,2.6,1.2,0.5,34.5,18.3,1.5,2.56,1.72,0.3,0.2,0.6,7412.1,0.77,0.63,4.27,NOP
454,Stephen Curry,50.4,5.2,1.0,9.0,7.7,3.0,3.6,47.2,0.5,6.8,7.3,6.7,7.3,4.9,76.8,32.3,4.8,3.73,3.45,1.0,0.3,1.4,13479.7,1.38,1.18,4.34,GSW
455,Sterling Brown,15.8,1.4,0.1,2.6,2.7,1.2,1.0,38.3,0.3,10.4,2.1,2.0,0.8,0.5,22.8,14.1,0.9,2.48,1.68,0.2,0.1,0.9,7473.8,0.72,0.69,4.43,MIL
456,Steven Adams,30.5,1.5,0.3,2.9,0.1,0.0,0.0,18.2,0.0,0.0,0.6,0.0,0.2,0.0,45.0,25.2,1.3,1.69,0.52,5.1,5.0,12.6,12785.7,1.19,1.23,4.09,OKC
457,Svi Mykhailiuk,8.3,0.9,0.1,1.3,1.5,0.4,0.7,50.8,0.3,18.0,2.0,1.9,0.7,0.2,12.6,7.9,0.5,2.16,1.5,0.2,0.0,0.3,4401.8,0.45,0.39,4.46,DET
458,T.J. McConnell,37.4,3.4,0.6,6.2,5.0,2.5,1.9,38.6,0.5,10.2,0.7,0.5,2.7,0.1,45.8,14.3,3.6,4.71,4.49,0.3,0.0,0.7,8567.4,0.88,0.74,4.7,PHI
459,T.J. Warren,43.9,1.5,0.3,3.7,6.8,4.9,0.9,12.6,0.2,3.1,3.9,3.6,3.5,0.6,61.5,35.8,2.1,2.08,1.06,1.1,0.7,1.5,12420.9,1.26,1.09,4.18,PHX
460,TJ Leaf,7.2,0.4,0.0,0.8,0.9,0.6,0.2,19.6,0.1,5.9,0.6,0.5,0.2,0.0,11.0,6.2,0.3,1.61,0.59,0.8,0.6,1.6,3778.6,0.38,0.33,4.4,IND
461,Tahjere McCall,4.0,0.0,0.0,0.0,1.0,1.0,0.0,0.0,0.0,0.0,1.0,1.0,0.0,0.0,7.0,5.0,0.2,1.75,0.43,0.0,0.0,0.0,3121.0,0.27,0.32,3.9,BKN
462,Taj Gibson,29.0,1.2,0.2,2.0,0.8,0.6,0.1,10.9,0.0,3.6,1.2,0.5,0.3,0.0,39.4,21.5,1.1,1.61,0.7,3.1,3.0,6.2,9541.5,0.96,0.85,4.2,MIN
463,Taurean Prince,19.2,2.1,0.1,4.1,5.7,2.5,2.2,39.2,0.5,9.6,3.7,3.7,3.7,1.9,33.7,24.5,1.4,2.56,1.72,0.2,0.1,0.5,11002.6,1.12,0.96,4.14,ATL
464,Terrance Ferguson,9.5,1.0,0.1,1.6,1.4,0.4,0.7,48.5,0.2,14.6,3.8,3.6,0.5,0.2,16.6,13.4,0.4,1.55,0.75,0.3,0.0,0.9,10548.3,0.97,1.03,4.33,OKC
465,Terrence Jones,6.0,0.0,0.0,0.5,0.5,0.0,0.5,100.0,0.0,0.0,1.0,1.0,0.0,0.0,8.5,4.5,0.4,2.79,1.41,0.0,0.0,0.5,1081.5,0.12,0.09,4.47,HOU
466,Terrence Ross,18.2,1.7,0.4,3.4,2.1,1.2,0.6,29.0,0.2,10.7,6.1,4.7,4.9,2.1,33.3,24.7,1.4,2.44,1.41,0.8,0.0,0.5,10833.2,1.14,0.91,4.31,ORL
467,Terry Rozier,40.3,2.9,0.6,5.6,4.9,2.2,2.2,44.5,0.4,9.0,2.7,2.7,3.2,1.6,51.9,19.7,3.7,4.22,3.73,0.3,0.0,0.5,9386.4,0.95,0.82,4.41,BOS
468,Thabo Sefolosha,14.4,0.6,0.1,1.2,1.1,0.5,0.5,44.4,0.1,11.1,1.5,1.4,0.4,0.2,18.4,9.1,0.6,1.9,1.01,0.2,0.1,0.4,4976.6,0.52,0.42,4.38,UTA
469,Thaddeus Young,36.4,2.5,0.3,4.3,1.8,1.0,0.6,31.5,0.1,6.7,1.9,1.7,0.5,0.1,50.3,27.4,1.5,1.81,0.74,2.4,5.1,5.2,12136.5,1.21,1.09,4.2,IND
470,Theo Pinson,15.7,1.2,0.1,2.3,2.4,0.8,0.9,37.2,0.2,9.3,1.6,1.6,1.2,1.0,21.9,10.8,1.4,3.74,2.9,0.2,0.0,0.3,4592.0,0.47,0.4,4.13,BKN
471,Thomas Bryant,26.3,1.3,0.2,2.3,0.4,0.2,0.1,26.9,0.0,3.8,1.9,1.2,0.3,0.1,35.4,19.2,0.9,1.49,0.37,2.8,0.6,5.1,8239.6,0.83,0.73,4.22,WAS
472,Thomas Welsh,3.4,0.5,0.0,0.6,0.1,0.0,0.0,0.0,0.0,0.0,1.0,0.6,0.1,0.0,4.8,3.5,0.1,1.78,0.68,0.3,0.2,0.1,1317.5,0.13,0.11,4.08,DEN
473,Thon Maker,18.1,0.7,0.1,1.2,0.3,0.1,0.1,38.1,0.0,4.8,2.4,2.3,0.2,0.1,23.7,12.8,0.6,1.51,0.42,0.7,0.2,1.9,6291.3,0.63,0.56,4.45,DET
474,Tim Frazier,36.9,4.2,0.4,7.5,3.5,1.1,1.9,55.1,0.6,17.9,1.1,1.1,1.5,0.6,44.8,17.1,3.1,4.11,3.65,0.4,0.0,1.0,7825.5,0.8,0.68,4.37,MIL
475,Tim Hardaway Jr.,31.6,2.5,0.4,5.1,5.4,3.0,1.4,26.5,0.3,6.1,4.9,4.4,6.1,2.8,51.8,33.7,2.3,2.72,1.83,0.7,0.4,0.8,12206.8,1.27,1.04,4.1,DAL
476,Timothe Luwawu-Cabarrot,9.6,0.5,0.0,1.2,1.7,0.9,0.6,36.8,0.1,8.0,2.2,2.2,0.6,0.1,15.3,9.5,0.5,2.05,1.25,0.1,0.0,0.6,5648.8,0.57,0.5,4.48,CHI
477,Tobias Harris,40.9,2.8,0.4,5.6,8.8,4.6,3.0,33.6,0.6,7.1,3.6,3.5,5.0,1.3,61.2,35.1,3.1,3.02,2.11,1.3,2.1,2.0,13779.1,1.44,1.17,4.22,PHI
478,Tomas Satoransky,46.3,5.0,0.6,9.3,6.9,2.3,3.6,52.1,1.0,14.5,1.9,1.8,1.4,0.2,57.2,21.9,3.9,4.06,3.97,0.8,0.2,1.8,11416.0,1.16,1.01,4.5,WAS
479,Tony Bradley,14.0,0.3,0.0,0.7,0.3,0.3,0.0,0.0,0.0,0.0,0.0,-,0.0,-,20.0,11.0,0.4,1.32,0.4,2.3,0.0,5.3,4911.7,0.5,0.43,4.34,UTA
480,Tony Parker,28.9,3.7,0.3,6.8,10.2,3.9,4.7,46.4,1.3,12.3,1.0,0.8,3.3,0.1,41.1,13.9,4.2,6.13,6.66,0.3,0.0,0.3,7325.4,0.79,0.59,4.35,CHA
481,Tony Snell,14.6,0.9,0.1,1.8,1.8,1.1,0.6,31.1,0.1,7.6,2.6,2.6,0.6,0.2,20.3,12.6,0.6,1.89,1.04,0.5,0.0,0.6,6991.8,0.69,0.63,4.2,MIL
482,Torrey Craig,13.7,1.0,0.2,1.9,0.8,0.4,0.3,38.1,0.0,3.2,2.4,2.4,0.3,0.1,20.1,13.6,0.6,1.82,0.85,0.3,0.1,1.9,8316.1,0.81,0.77,4.42,DEN
483,Trae Young,55.3,8.1,0.8,15.3,17.6,6.6,8.0,45.2,2.4,13.5,1.7,1.6,7.3,4.2,81.3,26.2,7.4,5.49,5.28,0.5,0.0,0.9,12751.7,1.37,1.05,4.37,ATL
484,Treveon Graham,21.7,1.0,0.1,1.7,2.3,1.0,1.0,43.0,0.3,11.4,3.5,3.5,0.7,0.1,28.4,14.3,0.8,1.65,0.75,0.1,0.1,1.0,8521.3,0.87,0.74,4.45,BKN
485,Trevon Duval,4.7,0.7,0.0,1.0,2.0,0.7,1.3,66.7,0.7,33.3,0.3,0.3,0.3,0.0,5.7,2.7,0.5,5.09,4.71,0.0,0.0,0.0,805.7,0.08,0.07,4.77,HOU
486,Trevor Ariza,38.9,3.6,0.4,6.3,6.0,2.1,3.0,49.6,0.7,12.3,4.7,4.6,1.9,1.3,53.1,36.8,1.9,2.15,1.16,0.8,0.6,1.1,12691.8,1.25,1.15,3.99,WAS
487,Trey Burke,30.7,2.7,0.3,5.7,7.6,3.7,2.9,38.1,0.6,8.1,1.6,1.5,4.2,1.2,43.8,16.9,3.6,4.94,4.82,0.2,0.1,0.4,8033.9,0.81,0.71,4.4,DAL
488,Trey Lyles,22.4,1.4,0.2,2.5,2.7,1.6,0.7,24.1,0.2,6.3,3.0,2.8,1.2,0.3,32.7,19.7,1.1,2.01,0.93,1.0,1.6,1.9,6732.5,0.7,0.57,4.08,DEN
489,Tristan Thompson,35.0,2.0,0.3,3.5,1.8,1.2,0.3,19.0,0.0,2.5,0.1,-,0.5,-,47.3,26.3,1.7,2.14,0.89,6.0,3.1,8.1,10613.3,1.11,0.9,4.15,CLE
490,Troy Brown Jr.,13.6,1.5,0.1,2.4,2.5,1.4,0.7,27.3,0.2,7.8,1.1,1.0,1.1,0.2,19.7,12.6,0.9,2.78,2.15,0.5,0.0,1.0,5743.7,0.59,0.5,4.32,WAS
491,Troy Caupain,3.0,1.0,0.0,0.8,0.3,0.3,0.0,0.0,0.0,0.0,0.5,0.5,1.3,0.3,5.3,3.8,0.4,4.15,2.38,0.0,0.0,0.0,1579.0,0.17,0.13,4.24,ORL
492,Troy Daniels,12.7,0.5,0.1,1.4,0.5,0.4,0.1,21.4,0.0,3.6,2.7,2.6,1.9,1.1,19.2,13.3,0.7,2.03,1.36,0.3,0.0,0.6,6143.0,0.64,0.53,4.36,PHX
493,Troy Williams,11.6,0.5,0.1,1.3,1.1,0.8,0.3,25.0,0.0,0.0,2.0,2.0,0.3,0.1,17.4,11.1,0.5,1.76,0.7,0.2,0.0,0.8,6326.0,0.63,0.57,4.49,SAC
494,Tyler Cavanaugh,4.3,0.1,0.0,0.2,0.3,0.1,0.1,33.3,0.0,0.0,0.5,0.5,0.1,0.0,5.5,2.5,0.1,1.24,0.29,0.0,0.1,0.5,1591.2,0.17,0.13,4.59,UTA
495,Tyler Davis,0.0,0.0,0.0,0.0,0.0,0.0,0.0,0.0,0.0,0.0,0.0,-,0.0,-,1.0,1.0,0.0,1.72,1.0,0.0,0.0,1.0,297.0,0.03,0.02,6.28,OKC
496,Tyler Dorsey,12.6,1.2,0.2,2.8,3.7,1.4,1.8,47.5,0.3,6.7,2.0,2.0,1.5,0.8,19.7,13.6,0.9,2.7,2.34,0.3,0.0,0.6,6091.9,0.61,0.54,4.44,MEM
497,Tyler Johnson,35.4,2.9,0.3,5.6,6.8,2.6,3.1,45.2,0.6,9.6,4.5,4.2,1.5,0.3,48.5,27.6,2.6,3.23,2.85,0.6,0.0,0.9,11038.9,1.16,0.93,4.36,PHX
498,Tyler Lydon,3.1,0.2,0.0,0.5,0.1,0.1,0.0,33.3,0.0,0.0,0.4,0.4,0.0,0.0,4.0,2.2,0.1,1.42,0.45,0.1,0.0,0.4,1556.6,0.16,0.13,4.45,DEN
499,Tyler Ulis,0.0,0.0,0.0,0.0,0.0,0.0,0.0,0.0,0.0,0.0,0.0,-,0.0,-,0.0,0.0,0.0,0.0,0.0,0.0,0.0,0.0,252.0,0.01,0.03,0.0,CHI
500,Tyler Zeller,14.0,0.7,0.0,1.2,0.2,0.2,0.0,0.0,0.0,0.0,0.2,0.2,0.2,0.0,21.3,16.3,0.6,1.75,0.48,2.8,0.7,4.3,6075.3,0.6,0.55,4.17,MEM
501,Tyreke Evans,20.9,2.4,0.3,4.2,6.5,3.0,2.3,35.9,0.6,9.4,1.7,1.6,2.8,1.4,34.3,21.1,2.3,3.98,3.18,0.4,0.3,0.8,7546.9,0.76,0.67,3.93,IND
502,Tyrone Wallace,13.1,0.7,0.1,1.4,2.8,1.5,0.9,33.1,0.1,5.1,0.3,0.3,0.6,0.0,18.2,8.4,1.0,3.33,2.99,0.2,0.1,0.6,4467.3,0.45,0.39,4.61,LAC
503,Tyson Chandler,15.6,0.7,0.1,1.1,0.0,0.0,0.0,0.0,0.0,0.0,0.0,0.0,0.0,0.0,18.9,8.4,0.4,1.35,0.23,1.8,0.1,3.3,5850.8,0.58,0.53,3.9,LAL
504,Tyus Jones,44.1,4.8,0.7,9.0,4.6,2.7,1.5,32.4,0.5,10.5,1.1,1.0,2.9,0.9,54.4,17.4,4.5,4.92,4.44,0.2,0.0,0.3,9252.5,0.96,0.79,4.28,MIN
505,Udonis Haslem,8.0,0.2,0.0,0.7,0.2,0.0,0.0,0.0,0.0,0.0,1.7,1.0,0.5,0.2,12.2,6.4,0.4,1.95,0.63,0.6,0.8,1.3,2676.8,0.27,0.24,3.82,MIA
506,Victor Oladipo,38.6,5.2,0.8,8.0,9.5,4.4,3.4,36.0,0.9,9.9,3.1,2.7,8.4,3.3,61.3,35.8,3.9,3.8,3.44,0.7,0.0,0.8,12789.3,1.28,1.15,4.28,IND
507,Vince Carter,24.1,1.1,0.1,2.0,1.6,0.9,0.5,32.3,0.1,6.5,3.5,3.4,1.1,0.7,31.6,17.8,0.9,1.67,0.71,0.7,0.6,0.7,6697.0,0.68,0.59,4.02,ATL
508,Vincent Edwards,4.0,0.0,0.0,0.5,0.0,0.0,0.0,0.0,0.0,0.0,2.0,2.0,0.0,0.0,7.0,5.0,0.1,1.22,0.57,0.0,0.0,0.0,3044.5,0.31,0.27,4.27,HOU
509,Wade Baldwin IV,9.9,0.8,0.1,1.8,2.7,1.1,1.2,44.2,0.2,7.0,0.2,0.2,0.8,0.4,14.0,3.9,1.4,6.04,5.65,0.0,0.1,0.3,2594.2,0.28,0.21,4.69,POR
510,Walt Lemon Jr.,47.3,5.0,0.2,9.2,17.7,8.3,7.5,42.5,1.5,8.5,0.8,0.8,3.8,0.0,66.5,22.0,5.7,5.17,5.13,0.7,0.0,1.2,11309.0,1.14,1.01,4.37,CHI
511,Wayne Ellington,17.6,1.4,0.2,2.7,1.9,0.8,0.9,48.5,0.2,12.9,4.9,4.8,2.5,2.2,27.7,21.8,0.9,1.91,1.18,0.3,0.0,0.3,9688.0,1.03,0.81,4.28,DET
512,Wayne Selden,14.7,1.5,0.1,2.5,4.4,2.1,1.6,35.8,0.4,8.2,2.0,1.9,1.9,0.4,23.5,17.0,1.0,2.58,1.89,0.3,0.1,0.6,7142.5,0.73,0.62,3.96,CHI
513,Wendell Carter Jr.,28.3,1.8,0.0,3.4,0.3,0.2,0.1,20.0,0.0,6.7,2.2,0.6,0.8,0.1,39.8,27.1,1.1,1.67,0.48,5.8,3.1,6.2,10064.4,1.02,0.89,4.25,CHI
514,Wes Iwundu,12.3,1.1,0.2,2.1,1.8,0.9,0.6,35.5,0.1,5.6,1.2,1.1,0.9,0.1,18.4,12.5,0.8,2.59,1.72,0.3,0.0,0.9,7522.5,0.76,0.66,4.43,ORL
515,Wesley Johnson,10.6,0.6,0.1,1.1,0.2,0.1,0.0,12.5,0.0,0.0,1.8,1.6,1.2,0.4,14.9,9.5,0.4,1.45,0.61,0.3,0.0,0.5,5664.4,0.56,0.51,4.28,WAS
516,Wesley Matthews,22.4,2.3,0.3,3.7,3.7,1.7,1.4,37.3,0.5,13.5,4.4,4.3,3.3,1.5,36.1,27.4,1.3,2.15,1.31,0.9,2.7,1.2,11804.1,1.22,1.02,4.14,IND
517,Will Barton,33.0,2.9,0.4,5.6,6.6,3.1,2.7,40.0,0.5,7.4,3.0,2.8,3.6,1.7,47.2,29.7,2.5,3.23,2.59,0.5,0.2,1.1,10791.3,1.11,0.94,4.17,DEN
518,Willie Cauley-Stein,31.8,2.4,0.3,4.0,1.7,1.0,0.3,16.3,0.0,2.2,0.6,0.0,0.6,0.0,44.2,26.0,1.4,1.85,0.67,6.4,2.9,8.2,10643.5,1.03,0.98,4.16,SAC
519,Willy Hernangomez,24.5,1.0,0.1,1.9,0.3,0.1,0.0,5.3,0.0,0.0,0.9,0.6,0.1,0.0,32.1,16.8,0.8,1.43,0.45,2.8,1.2,5.1,5756.4,0.6,0.49,4.38,CHA
520,Wilson Chandler,22.7,1.6,0.2,2.6,1.7,0.7,0.7,38.8,0.2,12.9,2.8,2.7,0.7,0.2,29.9,17.1,0.9,1.88,0.75,1.3,0.5,1.4,9053.5,0.91,0.8,4.21,LAC
521,Yante Maten,7.5,0.0,0.0,0.0,0.5,0.5,0.0,0.0,0.0,0.0,0.0,0.0,0.5,0.0,10.0,3.5,0.2,1.26,0.25,0.0,0.0,1.0,2578.5,0.25,0.24,4.27,MIA
522,Yogi Ferrell,23.3,1.9,0.3,3.8,3.6,1.3,1.8,51.4,0.4,11.8,1.2,1.2,2.3,0.9,30.2,10.3,2.3,4.54,4.12,0.2,0.0,0.3,6300.1,0.65,0.54,4.43,SAC
523,Yuta Watanabe,10.4,0.5,0.0,1.2,1.6,0.7,0.6,37.5,0.1,4.2,1.1,0.9,1.2,0.1,14.7,8.7,0.5,2.02,1.09,0.2,0.2,0.5,4913.3,0.5,0.43,4.47,MEM
524,Zach Collins,21.0,0.9,0.0,1.5,0.6,0.3,0.2,31.8,0.0,0.0,1.7,1.5,0.3,0.1,28.4,14.9,0.8,1.63,0.46,1.9,1.7,3.1,6958.8,0.73,0.58,4.18,POR
525,Zach LaVine,36.6,4.5,0.6,8.6,13.6,6.7,4.0,29.4,0.8,6.2,2.0,1.7,6.4,3.1,63.0,36.5,4.8,4.57,3.96,0.8,0.5,1.4,14211.2,1.48,1.21,4.43,CHI
526,Zach Lofton,3.0,0.0,0.0,1.0,1.0,0.0,1.0,100.0,0.0,0.0,1.0,1.0,0.0,0.0,5.0,3.0,0.2,1.83,1.2,0.0,0.0,0.0,1474.0,0.14,0.14,4.5,DET
527,Zaza Pachulia,16.2,1.3,0.0,2.3,0.4,0.1,0.1,38.5,0.0,3.8,0.5,0.0,0.2,0.0,20.8,12.8,0.6,1.84,0.62,2.4,1.0,3.5,4925.7,0.51,0.42,4.06,DET
528,Zhaire Smith,12.3,1.7,0.0,2.0,2.3,1.0,0.7,28.6,0.0,0.0,2.2,2.0,1.3,0.7,20.2,15.5,0.6,1.79,1.04,0.7,0.0,1.0,7941.8,0.84,0.67,4.58,PHI
529,Zhou Qi,0.0,0.0,0.0,0.0,0.0,0.0,0.0,0.0,0.0,0.0,0.0,-,0.0,-,1.0,1.0,0.0,0.76,0.0,0.0,0.0,1.0,385.0,0.03,0.04,5.01,HOU
